"ID";"Q";"R";"Категория";"Доля суши, %";"Тип местности";"Дополнительный объект";"Проходимость";"Защита";"Плодородие";"Опасность";"Основной ресурс";"Богатство ресурса";"Глубина";"Течение"
"Q+00-R+00";"0";"0";"Побережье";"90";"Песчаный пляж / Густой лес";"";"3";"2";"2";"2";"Дерево";"2";"0–10 м";"3"
"Q+01-R+00";"1";"0";"Море";"0";"Мелководье";"";"2";"0";"";"2";"Рыба";"2";"0–10 м";"3"
"Q+02-R+00";"2";"0";"Море";"0";"Мелководье";"";"2";"0";"";"2";"Рыба";"3";"0–10 м";"3"
"Q+03-R+00";"3";"0";"Море";"0";"Шельф";"";"1";"0";"";"3";"Рыба";"4";"10–30 м";"3"
"Q+04-R+00";"4";"0";"Море";"0";"Шельф";"";"1";"0";"";"3";"Рыба";"1";"10–30 м";"6"
"Q+05-R+00";"5";"0";"Море";"0";"Шельф";"";"1";"0";"";"3";"Рыба";"2";"10–30 м";"1"
"Q+06-R+00";"6";"0";"Море";"0";"Мелководье";"";"2";"0";"";"2";"Рыба";"2";"0–10 м";"2"
"Q+07-R+00";"7";"0";"Море";"0";"Мелководье";"";"2";"0";"";"2";"Рыба";"2";"0–10 м";"2"
"Q+08-R+00";"8";"0";"Море";"0";"Мелководье";"";"2";"0";"";"2";"Рыба";"4";"0–10 м";"1"
"Q+09-R+00";"9";"0";"Море";"0";"Мелководье";"";"2";"0";"";"2";"Рыба";"3";"0–10 м";"6"
"Q+10-R+00";"10";"0";"Море";"0";"Шельф";"";"1";"0";"";"3";"Жемчуг";"2";"10–30 м";"6"
"Q+11-R+00";"11";"0";"Море";"0";"Открытое море";"";"1";"0";"";"4";"Киты";"5";"50–200 м";"3"
"Q+12-R+00";"12";"0";"Море";"0";"Шельф";"";"1";"0";"";"3";"Нет";"0";"10–30 м";"3"
"Q+13-R+00";"13";"0";"Море";"0";"Шельф";"";"1";"0";"";"3";"Рыба";"3";"10–30 м";"1"
"Q+14-R+00";"14";"0";"Море";"0";"Шельф";"";"1";"0";"";"3";"Нет";"0";"10–30 м";"4"
"Q+15-R+00";"15";"0";"Море";"0";"Шельф";"";"1";"0";"";"3";"Рыба";"5";"10–30 м";"5"
"Q+16-R+00";"16";"0";"Море";"0";"Шельф";"";"1";"0";"";"3";"Жемчуг";"5";"10–30 м";"6"
"Q+17-R+00";"17";"0";"Море";"0";"Шельф";"";"1";"0";"";"3";"Рыба";"4";"10–30 м";"2"
"Q+18-R+00";"18";"0";"Море";"0";"Мелководье";"";"2";"0";"";"2";"Рыба";"3";"0–10 м";"5"
"Q+19-R+00";"19";"0";"Побережье";"51";"Побережье / Равнина";"";"2";"0";"2";"2";"Нет";"0";"0–10 м";"4"
"Q+20-R+00";"20";"0";"Побережье";"92";"Дельта реки / Холмы";"Река";"2";"2";"4";"2";"Нет";"0";"0–10 м";"2"
"Q+21-R+00";"21";"0";"Суша";"98";"Холмы";"";"2";"2";"2";"2";"Камень";"4";"";""
"Q+22-R+00";"22";"0";"Суша";"100";"Холмы";"";"2";"2";"2";"2";"Уголь";"4";"";""
"Q+23-R+00";"23";"0";"Суша";"100";"Холмы";"";"2";"2";"2";"2";"Нет";"0";"";""
"Q-01-R+01";"-1";"1";"Море";"0";"Мелководье";"";"2";"0";"";"2";"Нет";"0";"0–10 м";"3"
"Q+00-R+01";"0";"1";"Побережье";"64";"Побережье / Равнина";"";"2";"0";"2";"2";"Лён";"5";"0–10 м";"5"
"Q+01-R+01";"1";"1";"Побережье";"23";"Побережье / Равнина";"";"2";"0";"2";"2";"Нет";"0";"0–10 м";"1"
"Q+02-R+01";"2";"1";"Море";"4";"Мелководье";"";"2";"0";"";"2";"Рыба";"4";"0–10 м";"1"
"Q+03-R+01";"3";"1";"Море";"0";"Мелководье";"";"2";"0";"";"2";"Рыба";"1";"0–10 м";"4"
"Q+04-R+01";"4";"1";"Море";"0";"Мелководье";"";"2";"0";"";"2";"Рыба";"3";"0–10 м";"2"
"Q+05-R+01";"5";"1";"Море";"3";"Мелководье";"";"2";"0";"";"2";"Рыба";"2";"0–10 м";"5"
"Q+06-R+01";"6";"1";"Побережье";"21";"Побережье / Равнина";"";"2";"0";"2";"2";"Кораллы";"2";"0–10 м";"1"
"Q+07-R+01";"7";"1";"Побережье";"56";"Побережье / Холмы";"";"2";"2";"2";"2";"Камень";"5";"0–10 м";"5"
"Q+08-R+01";"8";"1";"Побережье";"28";"Побережье / Равнина";"";"2";"0";"2";"2";"Нет";"0";"0–10 м";"4"
"Q+09-R+01";"9";"1";"Море";"0";"Мелководье";"";"2";"0";"";"2";"Рыба";"1";"0–10 м";"1"
"Q+10-R+01";"10";"1";"Море";"0";"Шельф";"";"1";"0";"";"3";"Рыба";"4";"10–30 м";"1"
"Q+11-R+01";"11";"1";"Море";"0";"Шельф";"";"1";"0";"";"3";"Нет";"0";"10–30 м";"2"
"Q+12-R+01";"12";"1";"Море";"0";"Мелководье";"";"2";"0";"";"2";"Рыба";"4";"0–10 м";"2"
"Q+13-R+01";"13";"1";"Море";"0";"Мелководье";"";"2";"0";"";"2";"Рыба";"1";"0–10 м";"5"
"Q+14-R+01";"14";"1";"Море";"0";"Шельф";"";"1";"0";"";"3";"Рыба";"1";"10–30 м";"5"
"Q+15-R+01";"15";"1";"Море";"0";"Мелководье";"";"2";"0";"";"2";"Рыба";"2";"0–10 м";"3"
"Q+16-R+01";"16";"1";"Море";"0";"Мелководье";"";"2";"0";"";"2";"Рыба";"4";"0–10 м";"3"
"Q+17-R+01";"17";"1";"Море";"0";"Мелководье";"";"2";"0";"";"2";"Рыба";"1";"0–10 м";"2"
"Q+18-R+01";"18";"1";"Побережье";"36";"Побережье / Равнина";"";"2";"0";"2";"2";"Рожь";"2";"0–10 м";"3"
"Q+19-R+01";"19";"1";"Суша";"98";"Равнина";"";"1";"0";"2";"1";"Лён";"2";"";""
"Q+20-R+01";"20";"1";"Побережье";"80";"Дельта реки / Холмы";"Река";"2";"2";"4";"2";"Нет";"0";"0–10 м";"3"
"Q+21-R+01";"21";"1";"Суша";"95";"Холмы";"";"2";"2";"2";"2";"Железо";"2";"";""
"Q+22-R+01";"22";"1";"Суша";"100";"Холмы";"";"2";"2";"2";"2";"Камень";"2";"";""
"Q+23-R+01";"23";"1";"Суша";"100";"Равнина";"";"1";"0";"2";"1";"Нет";"0";"";""
"Q-01-R+02";"-1";"2";"Суша";"99";"Равнина";"";"1";"0";"2";"1";"Рожь";"2";"";""
"Q+00-R+02";"0";"2";"Суша";"99";"Холмы";"";"2";"2";"2";"2";"Уголь";"3";"";""
"Q+01-R+02";"1";"2";"Побережье";"85";"Побережье / Равнина";"";"2";"0";"2";"2";"Нет";"0";"0–10 м";"3"
"Q+02-R+02";"2";"2";"Побережье";"16";"Побережье / Редколесье";"";"2";"1";"2";"2";"Дерево";"4";"0–10 м";"4"
"Q+03-R+02";"3";"2";"Море";"0";"Мелководье";"";"2";"0";"";"2";"Рыба";"3";"0–10 м";"6"
"Q+04-R+02";"4";"2";"Побережье";"8";"Побережье / Равнина";"";"2";"0";"2";"2";"Нет";"0";"0–10 м";"6"
"Q+05-R+02";"5";"2";"Побережье";"91";"Побережье / Густой лес";"";"3";"2";"3";"2";"Дерево";"3";"0–10 м";"5"
"Q+06-R+02";"6";"2";"Побережье";"85";"Побережье / Густой лес";"";"3";"2";"3";"2";"Дерево";"1";"0–10 м";"3"
"Q+07-R+02";"7";"2";"Побережье";"27";"Побережье / Густой лес";"";"3";"2";"3";"2";"Дерево";"1";"0–10 м";"1"
"Q+08-R+02";"8";"2";"Побережье";"39";"Побережье / Густой лес";"";"3";"2";"3";"2";"Дерево";"3";"0–10 м";"3"
"Q+09-R+02";"9";"2";"Море";"0";"Мелководье";"";"2";"0";"";"2";"Рыба";"1";"0–10 м";"2"
"Q+10-R+02";"10";"2";"Море";"0";"Мелководье";"";"2";"0";"";"2";"Рыба";"2";"0–10 м";"5"
"Q+11-R+02";"11";"2";"Море";"1";"Мелководье";"";"2";"0";"";"2";"Рыба";"4";"0–10 м";"1"
"Q+12-R+02";"12";"2";"Побережье";"38";"Побережье / Редколесье";"";"2";"1";"2";"2";"Дерево";"2";"0–10 м";"1"
"Q+13-R+02";"13";"2";"Море";"0";"Мелководье";"";"2";"0";"";"2";"Рыба";"5";"0–10 м";"6"
"Q+14-R+02";"14";"2";"Море";"0";"Мелководье";"";"2";"0";"";"2";"Рыба";"1";"0–10 м";"6"
"Q+15-R+02";"15";"2";"Побережье";"9";"Побережье / Горы";"";"4";"3";"1";"2";"Моллюски";"5";"0–10 м";"3"
"Q+16-R+02";"16";"2";"Море";"0";"Мелководье";"";"2";"0";"";"2";"Рыба";"1";"0–10 м";"4"
"Q+17-R+02";"17";"2";"Море";"0";"Мелководье";"";"2";"0";"";"2";"Рыба";"1";"0–10 м";"4"
"Q+18-R+02";"18";"2";"Побережье";"41";"Побережье / Густой лес";"";"3";"2";"3";"2";"Дерево";"1";"0–10 м";"4"
"Q+19-R+02";"19";"2";"Побережье";"89";"Дельта реки / Равнина";"Река";"1";"2";"4";"2";"Лошади";"1";"0–10 м";"6"
"Q+20-R+02";"20";"2";"Суша";"97";"Холмы";"";"2";"2";"2";"2";"Нет";"0";"";""
"Q+21-R+02";"21";"2";"Суша";"98";"Горы";"";"4";"3";"1";"2";"Нет";"0";"";""
"Q+22-R+02";"22";"2";"Суша";"95";"Равнина";"";"1";"0";"2";"1";"Лён";"1";"";""
"Q-02-R+03";"-2";"3";"Море";"0";"Мелководье";"";"2";"0";"";"2";"Нет";"0";"0–10 м";"3"
"Q-01-R+03";"-1";"3";"Суша";"96";"Густой лес";"";"3";"2";"3";"2";"Дерево";"1";"";""
"Q+00-R+03";"0";"3";"Суша";"96";"Густой лес";"Река";"3";"2";"3";"2";"Корабельный лес";"4";"";""
"Q+01-R+03";"1";"3";"Побережье";"26";"Дельта реки / Густой лес";"Река";"3";"2";"4";"2";"Корабельный лес";"4";"0–10 м";"2"
"Q+02-R+03";"2";"3";"Море";"0";"Мелководье";"";"2";"0";"";"2";"Рыба";"1";"0–10 м";"2"
"Q+03-R+03";"3";"3";"Море";"0";"Мелководье";"";"2";"0";"";"2";"Рыба";"1";"0–10 м";"2"
"Q+04-R+03";"4";"3";"Море";"3";"Мелководье";"";"2";"0";"";"2";"Нет";"0";"0–10 м";"2"
"Q+05-R+03";"5";"3";"Побережье";"26";"Побережье / Равнина";"";"2";"0";"2";"2";"Рыба";"5";"0–10 м";"6"
"Q+06-R+03";"6";"3";"Побережье";"8";"Побережье / Равнина";"";"2";"0";"2";"2";"Соль";"3";"0–10 м";"4"
"Q+07-R+03";"7";"3";"Побережье";"79";"Побережье / Холмы";"";"2";"2";"2";"2";"Соль";"2";"0–10 м";"3"
"Q+08-R+03";"8";"3";"Побережье";"19";"Побережье / Редколесье";"";"2";"1";"2";"2";"Дерево";"3";"0–10 м";"3"
"Q+09-R+03";"9";"3";"Море";"0";"Мелководье";"";"2";"0";"";"2";"Рыба";"5";"0–10 м";"1"
"Q+10-R+03";"10";"3";"Побережье";"7";"Побережье / Редколесье";"";"2";"1";"2";"2";"Дерево";"2";"0–10 м";"1"
"Q+11-R+03";"11";"3";"Побережье";"31";"Побережье / Редколесье";"";"2";"1";"2";"2";"Дерево";"2";"0–10 м";"2"
"Q+12-R+03";"12";"3";"Море";"0";"Мелководье";"";"2";"0";"";"2";"Рыба";"5";"0–10 м";"1"
"Q+13-R+03";"13";"3";"Море";"0";"Мелководье";"";"2";"0";"";"2";"Рыба";"3";"0–10 м";"4"
"Q+14-R+03";"14";"3";"Море";"0";"Мелководье";"";"2";"0";"";"2";"Рыба";"5";"0–10 м";"5"
"Q+15-R+03";"15";"3";"Море";"0";"Мелководье";"";"2";"0";"";"2";"Рыба";"4";"0–10 м";"3"
"Q+16-R+03";"16";"3";"Море";"0";"Мелководье";"";"2";"0";"";"2";"Рыба";"2";"0–10 м";"2"
"Q+17-R+03";"17";"3";"Побережье";"48";"Побережье / Равнина";"";"2";"0";"2";"2";"Нет";"0";"0–10 м";"5"
"Q+18-R+03";"18";"3";"Суша";"100";"Равнина";"Река";"1";"0";"2";"1";"Ячмень";"3";"";""
"Q+19-R+03";"19";"3";"Суша";"100";"Равнина";"";"1";"0";"2";"1";"Нет";"0";"";""
"Q+20-R+03";"20";"3";"Суша";"100";"Холмы";"";"2";"2";"2";"2";"Железо";"2";"";""
"Q+21-R+03";"21";"3";"Суша";"100";"Равнина";"";"1";"0";"2";"1";"Нет";"0";"";""
"Q+22-R+03";"22";"3";"Побережье";"89";"Побережье / Равнина";"";"2";"0";"2";"2";"Нет";"0";"0–10 м";"2"
"Q-02-R+04";"-2";"4";"Суша";"100";"Равнина";"";"1";"0";"2";"1";"Рожь";"3";"";""
"Q-01-R+04";"-1";"4";"Побережье";"81";"Дельта реки / Густой лес";"Река";"3";"2";"4";"2";"Дерево";"3";"0–10 м";"6"
"Q+00-R+04";"0";"4";"Суша";"97";"Густой лес";"Река";"3";"2";"3";"2";"Дерево";"1";"";""
"Q+01-R+04";"1";"4";"Море";"5";"Мелководье";"";"2";"0";"";"2";"Рыба";"5";"0–10 м";"4"
"Q+02-R+04";"2";"4";"Море";"0";"Шельф";"";"1";"0";"";"3";"Жемчуг";"1";"10–30 м";"3"
"Q+03-R+04";"3";"4";"Море";"0";"Мелководье";"";"2";"0";"";"2";"Рыба";"4";"0–10 м";"1"
"Q+04-R+04";"4";"4";"Побережье";"26";"Побережье / Редколесье";"";"2";"1";"2";"2";"Дерево";"2";"0–10 м";"3"
"Q+05-R+04";"5";"4";"Море";"0";"Мелководье";"";"2";"0";"";"2";"Рыба";"5";"0–10 м";"1"
"Q+06-R+04";"6";"4";"Побережье";"91";"Побережье / Холмы";"";"2";"2";"2";"2";"Железо";"4";"0–10 м";"1"
"Q+07-R+04";"7";"4";"Побережье";"39";"Побережье / Равнина";"";"2";"0";"2";"2";"Рожь";"1";"0–10 м";"5"
"Q+08-R+04";"8";"4";"Море";"0";"Мелководье";"";"2";"0";"";"2";"Рыба";"1";"0–10 м";"4"
"Q+09-R+04";"9";"4";"Море";"0";"Мелководье";"";"2";"0";"";"2";"Рыба";"1";"0–10 м";"5"
"Q+10-R+04";"10";"4";"Побережье";"13";"Побережье / Редколесье";"";"2";"1";"2";"2";"Дерево";"5";"0–10 м";"4"
"Q+11-R+04";"11";"4";"Побережье";"19";"Побережье / Редколесье";"";"2";"1";"2";"2";"Дерево";"3";"0–10 м";"3"
"Q+12-R+04";"12";"4";"Побережье";"28";"Побережье / Равнина";"";"2";"0";"2";"2";"Нет";"0";"0–10 м";"2"
"Q+13-R+04";"13";"4";"Побережье";"37";"Побережье / Равнина";"";"2";"0";"2";"2";"Рожь";"5";"0–10 м";"3"
"Q+14-R+04";"14";"4";"Море";"0";"Мелководье";"";"2";"0";"";"2";"Рыба";"1";"0–10 м";"6"
"Q+15-R+04";"15";"4";"Побережье";"60";"Побережье / Равнина";"";"2";"0";"2";"2";"Нет";"0";"0–10 м";"2"
"Q+16-R+04";"16";"4";"Побережье";"84";"Побережье / Равнина";"";"2";"0";"2";"2";"Нет";"0";"0–10 м";"6"
"Q+17-R+04";"17";"4";"Суша";"100";"Равнина";"Река";"1";"0";"2";"1";"Лошади";"2";"";""
"Q+18-R+04";"18";"4";"Суша";"100";"Равнина";"";"1";"0";"2";"1";"Лён";"5";"";""
"Q+19-R+04";"19";"4";"Суша";"100";"Равнина";"";"1";"0";"2";"1";"Пшеница";"1";"";""
"Q+20-R+04";"20";"4";"Суша";"100";"Равнина";"";"1";"0";"2";"1";"Лён";"2";"";""
"Q+21-R+04";"21";"4";"Суша";"100";"Равнина";"";"1";"0";"2";"1";"Рожь";"4";"";""
"Q-03-R+05";"-3";"5";"Море";"0";"Мелководье";"";"2";"0";"";"2";"Нет";"0";"0–10 м";"3"
"Q-02-R+05";"-2";"5";"Побережье";"84";"Побережье / Густой лес";"";"3";"2";"3";"2";"Корабельный лес";"4";"0–10 м";"3"
"Q-01-R+05";"-1";"5";"Побережье";"90";"Дельта реки / Густой лес";"Река";"3";"2";"4";"2";"Дерево";"3";"0–10 м";"5"
"Q+00-R+05";"0";"5";"Побережье";"61";"Густой лес";"";"3";"2";"3";"2";"Корабельный лес";"4";"0–10 м";"2"
"Q+01-R+05";"1";"5";"Море";"0";"Мелководье";"";"2";"0";"";"2";"Рыба";"3";"0–10 м";"4"
"Q+02-R+05";"2";"5";"Море";"0";"Мелководье";"";"2";"0";"";"2";"Рыба";"1";"0–10 м";"1"
"Q+03-R+05";"3";"5";"Море";"0";"Мелководье";"";"2";"0";"";"2";"Рыба";"5";"0–10 м";"1"
"Q+04-R+05";"4";"5";"Море";"0";"Мелководье";"";"2";"0";"";"2";"Рыба";"2";"0–10 м";"4"
"Q+05-R+05";"5";"5";"Побережье";"68";"Побережье / Равнина";"";"2";"0";"2";"2";"Лён";"1";"0–10 м";"4"
"Q+06-R+05";"6";"5";"Побережье";"63";"Побережье / Равнина";"";"2";"0";"2";"2";"Нет";"0";"0–10 м";"4"
"Q+07-R+05";"7";"5";"Море";"0";"Мелководье";"";"2";"0";"";"2";"Рыба";"2";"0–10 м";"2"
"Q+08-R+05";"8";"5";"Море";"0";"Мелководье";"";"2";"0";"";"2";"Рыба";"3";"0–10 м";"1"
"Q+09-R+05";"9";"5";"Море";"2";"Мелководье";"";"2";"0";"";"2";"Рыба";"3";"0–10 м";"2"
"Q+10-R+05";"10";"5";"Море";"0";"Мелководье";"";"2";"0";"";"2";"Рыба";"1";"0–10 м";"6"
"Q+11-R+05";"11";"5";"Побережье";"28";"Побережье / Густой лес";"";"3";"2";"3";"2";"Дерево";"3";"0–10 м";"4"
"Q+12-R+05";"12";"5";"Суша";"99";"Равнина";"";"1";"0";"2";"1";"Нет";"0";"";""
"Q+13-R+05";"13";"5";"Побережье";"65";"Побережье / Равнина";"";"2";"0";"2";"2";"Лошади";"4";"0–10 м";"6"
"Q+14-R+05";"14";"5";"Побережье";"91";"Побережье / Равнина";"";"2";"0";"2";"2";"Соль";"4";"0–10 м";"2"
"Q+15-R+05";"15";"5";"Суша";"100";"Равнина";"";"1";"0";"2";"1";"Нет";"0";"";""
"Q+16-R+05";"16";"5";"Побережье";"89";"Дельта реки / Равнина";"Река";"1";"2";"4";"2";"Нет";"0";"0–10 м";"2"
"Q+17-R+05";"17";"5";"Побережье";"64";"Побережье / Равнина";"";"2";"0";"2";"2";"Лошади";"3";"0–10 м";"1"
"Q+18-R+05";"18";"5";"Побережье";"76";"Побережье / Равнина";"";"2";"0";"2";"2";"Моллюски";"4";"0–10 м";"6"
"Q+19-R+05";"19";"5";"Суша";"100";"Холмы";"";"2";"2";"2";"2";"Уголь";"3";"";""
"Q+20-R+05";"20";"5";"Суша";"100";"Густой лес";"";"3";"2";"3";"2";"Корабельный лес";"4";"";""
"Q+21-R+05";"21";"5";"Суша";"98";"Равнина";"";"1";"0";"2";"1";"Нет";"0";"";""
"Q-03-R+06";"-3";"6";"Море";"1";"Мелководье";"";"2";"0";"";"2";"Нет";"0";"0–10 м";"3"
"Q-02-R+06";"-2";"6";"Побережье";"55";"Побережье / Равнина";"";"2";"0";"2";"2";"Нет";"0";"0–10 м";"3"
"Q-01-R+06";"-1";"6";"Побережье";"32";"Дельта реки / Равнина";"Река";"1";"2";"4";"2";"Лён";"2";"0–10 м";"1"
"Q+00-R+06";"0";"6";"Море";"0";"Мелководье";"";"2";"0";"";"2";"Рыба";"5";"0–10 м";"6"
"Q+01-R+06";"1";"6";"Побережье";"26";"Побережье / Редколесье";"";"2";"1";"2";"2";"Дерево";"3";"0–10 м";"5"
"Q+02-R+06";"2";"6";"Море";"0";"Мелководье";"";"2";"0";"";"2";"Рыба";"1";"0–10 м";"1"
"Q+03-R+06";"3";"6";"Море";"0";"Шельф";"";"1";"0";"";"3";"Рыба";"3";"10–30 м";"6"
"Q+04-R+06";"4";"6";"Море";"4";"Мелководье";"";"2";"0";"";"2";"Нет";"0";"0–10 м";"3"
"Q+05-R+06";"5";"6";"Побережье";"63";"Побережье / Густой лес";"";"3";"2";"3";"2";"Дерево";"1";"0–10 м";"5"
"Q+06-R+06";"6";"6";"Побережье";"22";"Побережье / Редколесье";"";"2";"1";"2";"2";"Дерево";"3";"0–10 м";"2"
"Q+07-R+06";"7";"6";"Море";"0";"Мелководье";"";"2";"0";"";"2";"Рыба";"4";"0–10 м";"5"
"Q+08-R+06";"8";"6";"Побережье";"58";"Побережье / Равнина";"";"2";"0";"2";"2";"Моллюски";"3";"0–10 м";"6"
"Q+09-R+06";"9";"6";"Побережье";"86";"Побережье / Густой лес";"";"3";"2";"3";"2";"Корабельный лес";"5";"0–10 м";"3"
"Q+10-R+06";"10";"6";"Побережье";"66";"Побережье / Холмы";"";"2";"2";"2";"2";"Нет";"0";"0–10 м";"5"
"Q+11-R+06";"11";"6";"Побережье";"86";"Побережье / Холмы";"";"2";"2";"2";"2";"Камень";"5";"0–10 м";"3"
"Q+12-R+06";"12";"6";"Суша";"100";"Равнина";"";"1";"0";"2";"1";"Лошади";"3";"";""
"Q+13-R+06";"13";"6";"Побережье";"89";"Побережье / Равнина";"";"2";"0";"2";"2";"Нет";"0";"0–10 м";"2"
"Q+14-R+06";"14";"6";"Суша";"99";"Равнина";"";"1";"0";"2";"1";"Лошади";"4";"";""
"Q+15-R+06";"15";"6";"Побережье";"54";"Побережье / Густой лес";"";"3";"2";"3";"2";"Дерево";"1";"0–10 м";"6"
"Q+16-R+06";"16";"6";"Побережье";"56";"Побережье / Густой лес";"";"3";"2";"3";"2";"Дерево";"1";"0–10 м";"1"
"Q+17-R+06";"17";"6";"Побережье";"68";"Побережье / Равнина";"";"2";"0";"2";"2";"Лён";"4";"0–10 м";"4"
"Q+18-R+06";"18";"6";"Побережье";"89";"Побережье / Густой лес";"";"3";"2";"3";"2";"Дерево";"1";"0–10 м";"3"
"Q+19-R+06";"19";"6";"Побережье";"28";"Побережье / Равнина";"";"2";"0";"2";"2";"Пшеница";"4";"0–10 м";"5"
"Q+20-R+06";"20";"6";"Побережье";"25";"Побережье / Равнина";"";"2";"0";"2";"2";"Лён";"4";"0–10 м";"1"
"Q-04-R+07";"-4";"7";"Море";"0";"Мелководье";"";"2";"0";"";"2";"Нет";"0";"0–10 м";"3"
"Q-03-R+07";"-3";"7";"Побережье";"11";"Побережье / Редколесье";"";"2";"1";"2";"2";"Дерево";"1";"0–10 м";"3"
"Q-02-R+07";"-2";"7";"Побережье";"8";"Побережье / Редколесье";"";"2";"1";"2";"2";"Дерево";"4";"0–10 м";"5"
"Q-01-R+07";"-1";"7";"Море";"0";"Мелководье";"";"2";"0";"";"2";"Рыба";"4";"0–10 м";"6"
"Q+00-R+07";"0";"7";"Море";"0";"Мелководье";"";"2";"0";"";"2";"Рыба";"1";"0–10 м";"6"
"Q+01-R+07";"1";"7";"Море";"0";"Мелководье";"";"2";"0";"";"2";"Рыба";"1";"0–10 м";"4"
"Q+02-R+07";"2";"7";"Море";"0";"Шельф";"";"1";"0";"";"3";"Рыба";"2";"10–30 м";"2"
"Q+03-R+07";"3";"7";"Море";"0";"Шельф";"";"1";"0";"";"3";"Жемчуг";"5";"10–30 м";"2"
"Q+04-R+07";"4";"7";"Море";"0";"Мелководье";"";"2";"0";"";"2";"Рыба";"2";"0–10 м";"5"
"Q+05-R+07";"5";"7";"Побережье";"12";"Побережье / Густой лес";"";"3";"2";"3";"2";"Дерево";"1";"0–10 м";"2"
"Q+06-R+07";"6";"7";"Море";"1";"Мелководье";"";"2";"0";"";"2";"Рыба";"5";"0–10 м";"5"
"Q+07-R+07";"7";"7";"Побережье";"45";"Побережье / Густой лес";"";"3";"2";"3";"2";"Дерево";"1";"0–10 м";"1"
"Q+08-R+07";"8";"7";"Суша";"99";"Горы";"";"4";"3";"1";"2";"Нет";"0";"";""
"Q+09-R+07";"9";"7";"Суша";"100";"Густой лес";"";"3";"2";"3";"2";"Дерево";"3";"";""
"Q+10-R+07";"10";"7";"Суша";"100";"Холмы";"";"2";"2";"2";"2";"Камень";"5";"";""
"Q+11-R+07";"11";"7";"Суша";"100";"Холмы";"";"2";"2";"2";"2";"Нет";"0";"";""
"Q+12-R+07";"12";"7";"Побережье";"91";"Побережье / Равнина";"";"2";"0";"2";"2";"Лошади";"2";"0–10 м";"6"
"Q+13-R+07";"13";"7";"Суша";"100";"Равнина";"";"1";"0";"2";"1";"Пшеница";"5";"";""
"Q+14-R+07";"14";"7";"Побережье";"61";"Побережье / Густой лес";"";"3";"2";"3";"2";"Корабельный лес";"5";"0–10 м";"5"
"Q+15-R+07";"15";"7";"Побережье";"60";"Побережье / Густой лес";"";"3";"2";"3";"2";"Корабельный лес";"5";"0–10 м";"5"
"Q+16-R+07";"16";"7";"Побережье";"91";"Побережье / Густой лес";"";"3";"2";"3";"2";"Дерево";"1";"0–10 м";"4"
"Q+17-R+07";"17";"7";"Побережье";"91";"Побережье / Холмы";"";"2";"2";"2";"2";"Уголь";"2";"0–10 м";"5"
"Q+18-R+07";"18";"7";"Море";"0";"Мелководье";"";"2";"0";"";"2";"Нет";"0";"0–10 м";"2"
"Q+19-R+07";"19";"7";"Море";"0";"Мелководье";"";"2";"0";"";"2";"Рыба";"3";"0–10 м";"2"
"Q+20-R+07";"20";"7";"Море";"0";"Мелководье";"";"2";"0";"";"2";"Рыба";"4";"0–10 м";"1"
"Q-04-R+08";"-4";"8";"Суша";"98";"Горы";"";"4";"3";"1";"2";"Нет";"0";"";""
"Q-03-R+08";"-3";"8";"Побережье";"80";"Побережье / Редколесье";"Река";"2";"1";"2";"2";"Дерево";"1";"0–10 м";"3"
"Q-02-R+08";"-2";"8";"Побережье";"87";"Побережье / Равнина";"Река";"2";"0";"2";"2";"Лошади";"2";"0–10 м";"2"
"Q-01-R+08";"-1";"8";"Побережье";"51";"Побережье / Равнина";"";"2";"0";"2";"2";"Нет";"0";"0–10 м";"2"
"Q+00-R+08";"0";"8";"Побережье";"9";"Побережье / Редколесье";"";"2";"1";"2";"2";"Дерево";"3";"0–10 м";"5"
"Q+01-R+08";"1";"8";"Море";"0";"Мелководье";"";"2";"0";"";"2";"Рыба";"2";"0–10 м";"4"
"Q+02-R+08";"2";"8";"Море";"0";"Мелководье";"";"2";"0";"";"2";"Рыба";"3";"0–10 м";"6"
"Q+03-R+08";"3";"8";"Море";"0";"Шельф";"";"1";"0";"";"3";"Рыба";"2";"10–30 м";"4"
"Q+04-R+08";"4";"8";"Море";"0";"Мелководье";"";"2";"0";"";"2";"Рыба";"3";"0–10 м";"3"
"Q+05-R+08";"5";"8";"Море";"0";"Мелководье";"";"2";"0";"";"2";"Рыба";"3";"0–10 м";"2"
"Q+06-R+08";"6";"8";"Море";"3";"Мелководье";"";"2";"0";"";"2";"Рыба";"4";"0–10 м";"2"
"Q+07-R+08";"7";"8";"Побережье";"90";"Побережье / Густой лес";"";"3";"2";"3";"2";"Дерево";"1";"0–10 м";"3"
"Q+08-R+08";"8";"8";"Суша";"100";"Густой лес";"";"3";"2";"3";"2";"Дерево";"1";"";""
"Q+09-R+08";"9";"8";"Суша";"95";"Горы";"";"4";"3";"1";"2";"Мрамор";"2";"";""
"Q+10-R+08";"10";"8";"Побережье";"93";"Дельта реки / Горы";"Река";"4";"3";"4";"2";"Мрамор";"3";"0–10 м";"3"
"Q+11-R+08";"11";"8";"Побережье";"93";"Дельта реки / Холмы";"Река";"2";"2";"4";"2";"Нет";"0";"0–10 м";"4"
"Q+12-R+08";"12";"8";"Побережье";"94";"Побережье / Равнина";"";"2";"0";"2";"2";"Нет";"0";"0–10 м";"5"
"Q+13-R+08";"13";"8";"Побережье";"91";"Побережье / Густой лес";"";"3";"2";"3";"2";"Дерево";"2";"0–10 м";"6"
"Q+14-R+08";"14";"8";"Суша";"98";"Густой лес";"";"3";"2";"3";"2";"Корабельный лес";"5";"";""
"Q+15-R+08";"15";"8";"Суша";"99";"Густой лес";"";"3";"2";"3";"2";"Дерево";"1";"";""
"Q+16-R+08";"16";"8";"Суша";"100";"Густой лес";"";"3";"2";"3";"2";"Дерево";"3";"";""
"Q+17-R+08";"17";"8";"Побережье";"30";"Побережье / Холмы";"";"2";"2";"2";"2";"Камень";"5";"0–10 м";"3"
"Q+18-R+08";"18";"8";"Море";"0";"Мелководье";"";"2";"0";"";"2";"Рыба";"1";"0–10 м";"2"
"Q+19-R+08";"19";"8";"Море";"0";"Шельф";"";"1";"0";"";"3";"Рыба";"4";"10–30 м";"2"
"Q-05-R+09";"-5";"9";"Море";"0";"Мелководье";"";"2";"0";"";"2";"Нет";"0";"0–10 м";"3"
"Q-04-R+09";"-4";"9";"Побережье";"94";"Побережье / Горы";"";"4";"3";"1";"2";"Нет";"0";"0–10 м";"3"
"Q-03-R+09";"-3";"9";"Побережье";"89";"Побережье / Редколесье";"Река";"2";"1";"2";"2";"Дерево";"1";"0–10 м";"3"
"Q-02-R+09";"-2";"9";"Суша";"99";"Густой лес";"";"3";"2";"3";"2";"Дерево";"1";"";""
"Q-01-R+09";"-1";"9";"Побережье";"68";"Побережье / Густой лес";"";"3";"2";"3";"2";"Дерево";"2";"0–10 м";"6"
"Q+00-R+09";"0";"9";"Море";"0";"Мелководье";"";"2";"0";"";"2";"Рыба";"5";"0–10 м";"5"
"Q+01-R+09";"1";"9";"Побережье";"27";"Побережье / Редколесье";"";"2";"1";"2";"2";"Дерево";"5";"0–10 м";"4"
"Q+02-R+09";"2";"9";"Море";"0";"Мелководье";"";"2";"0";"";"2";"Рыба";"5";"0–10 м";"6"
"Q+03-R+09";"3";"9";"Море";"0";"Мелководье";"";"2";"0";"";"2";"Рыба";"4";"0–10 м";"4"
"Q+04-R+09";"4";"9";"Побережье";"27";"Побережье / Редколесье";"";"2";"1";"2";"2";"Дерево";"4";"0–10 м";"1"
"Q+05-R+09";"5";"9";"Море";"0";"Мелководье";"";"2";"0";"";"2";"Рыба";"3";"0–10 м";"4"
"Q+06-R+09";"6";"9";"Побережье";"70";"Побережье / Густой лес";"";"3";"2";"3";"2";"Дерево";"2";"0–10 м";"5"
"Q+07-R+09";"7";"9";"Суша";"97";"Густой лес";"";"3";"2";"3";"2";"Дерево";"3";"";""
"Q+08-R+09";"8";"9";"Суша";"96";"Горы";"";"4";"3";"1";"2";"Нет";"0";"";""
"Q+09-R+09";"9";"9";"Побережье";"91";"Дельта реки / Горы";"Река";"4";"3";"4";"2";"Камень";"1";"0–10 м";"1"
"Q+10-R+09";"10";"9";"Суша";"99";"Густой лес";"Река";"3";"2";"3";"2";"Дерево";"1";"";""
"Q+11-R+09";"11";"9";"Побережье";"85";"Дельта реки / Равнина";"Река";"1";"2";"4";"2";"Нет";"0";"0–10 м";"3"
"Q+12-R+09";"12";"9";"Суша";"100";"Холмы";"";"2";"2";"2";"2";"Уголь";"3";"";""
"Q+13-R+09";"13";"9";"Суша";"100";"Холмы";"";"2";"2";"2";"2";"Нет";"0";"";""
"Q+14-R+09";"14";"9";"Суша";"99";"Густой лес";"";"3";"2";"3";"2";"Корабельный лес";"4";"";""
"Q+15-R+09";"15";"9";"Суша";"100";"Густой лес";"";"3";"2";"3";"2";"Дерево";"1";"";""
"Q+16-R+09";"16";"9";"Побережье";"58";"Побережье / Холмы";"";"2";"2";"2";"2";"Соль";"5";"0–10 м";"3"
"Q+17-R+09";"17";"9";"Море";"0";"Мелководье";"";"2";"0";"";"2";"Рыба";"3";"0–10 м";"6"
"Q+18-R+09";"18";"9";"Море";"0";"Шельф";"";"1";"0";"";"3";"Рыба";"4";"10–30 м";"1"
"Q+19-R+09";"19";"9";"Море";"0";"Открытое море";"";"1";"0";"";"4";"Киты";"5";"50–200 м";"1"
"Q-05-R+10";"-5";"10";"Побережье";"13";"Побережье / Редколесье";"";"2";"1";"2";"2";"Дерево";"1";"0–10 м";"3"
"Q-04-R+10";"-4";"10";"Побережье";"49";"Побережье / Редколесье";"";"2";"1";"2";"2";"Дерево";"1";"0–10 м";"3"
"Q-03-R+10";"-3";"10";"Побережье";"48";"Побережье / Редколесье";"Река";"2";"1";"2";"2";"Дерево";"1";"0–10 м";"3"
"Q-02-R+10";"-2";"10";"Побережье";"26";"Побережье / Густой лес";"";"3";"2";"3";"2";"Корабельный лес";"5";"0–10 м";"2"
"Q-01-R+10";"-1";"10";"Море";"0";"Мелководье";"";"2";"0";"";"2";"Рыба";"5";"0–10 м";"3"
"Q+00-R+10";"0";"10";"Море";"0";"Мелководье";"";"2";"0";"";"2";"Рыба";"4";"0–10 м";"6"
"Q+01-R+10";"1";"10";"Море";"0";"Мелководье";"";"2";"0";"";"2";"Рыба";"1";"0–10 м";"6"
"Q+02-R+10";"2";"10";"Море";"0";"Мелководье";"";"2";"0";"";"2";"Рыба";"1";"0–10 м";"3"
"Q+03-R+10";"3";"10";"Море";"0";"Мелководье";"";"2";"0";"";"2";"Рыба";"5";"0–10 м";"4"
"Q+04-R+10";"4";"10";"Море";"0";"Мелководье";"";"2";"0";"";"2";"Рыба";"1";"0–10 м";"6"
"Q+05-R+10";"5";"10";"Побережье";"42";"Побережье / Густой лес";"";"3";"2";"3";"2";"Дерево";"2";"0–10 м";"5"
"Q+06-R+10";"6";"10";"Побережье";"92";"Побережье / Густой лес";"";"3";"2";"3";"2";"Дерево";"1";"0–10 м";"3"
"Q+07-R+10";"7";"10";"Суша";"98";"Горы";"";"4";"3";"1";"2";"Нет";"0";"";""
"Q+08-R+10";"8";"10";"Суша";"95";"Горы";"Река";"4";"3";"1";"2";"Нет";"0";"";""
"Q+09-R+10";"9";"10";"Побережье";"92";"Дельта реки / Густой лес";"Река";"3";"2";"4";"2";"Дерево";"2";"0–10 м";"6"
"Q+10-R+10";"10";"10";"Суша";"95";"Густой лес";"";"3";"2";"3";"2";"Дерево";"2";"";""
"Q+11-R+10";"11";"10";"Побережье";"88";"Дельта реки / Равнина";"Река";"1";"2";"4";"2";"Нет";"0";"0–10 м";"2"
"Q+12-R+10";"12";"10";"Суша";"100";"Густой лес";"";"3";"2";"3";"2";"Дерево";"1";"";""
"Q+13-R+10";"13";"10";"Суша";"100";"Холмы";"";"2";"2";"2";"2";"Нет";"0";"";""
"Q+14-R+10";"14";"10";"Суша";"100";"Холмы";"";"2";"2";"2";"2";"Железо";"3";"";""
"Q+15-R+10";"15";"10";"Суша";"99";"Густой лес";"";"3";"2";"3";"2";"Дерево";"1";"";""
"Q+16-R+10";"16";"10";"Побережье";"7";"Побережье / Редколесье";"";"2";"1";"2";"2";"Дерево";"5";"0–10 м";"1"
"Q+17-R+10";"17";"10";"Море";"0";"Мелководье";"";"2";"0";"";"2";"Рыба";"4";"0–10 м";"5"
"Q+18-R+10";"18";"10";"Море";"0";"Шельф";"";"1";"0";"";"3";"Жемчуг";"3";"10–30 м";"2"
"Q-06-R+11";"-6";"11";"Море";"0";"Мелководье";"";"2";"0";"";"2";"Нет";"0";"0–10 м";"3"
"Q-05-R+11";"-5";"11";"Море";"0";"Мелководье";"";"2";"0";"";"2";"Нет";"0";"0–10 м";"3"
"Q-04-R+11";"-4";"11";"Море";"0";"Мелководье";"";"2";"0";"";"2";"Нет";"0";"0–10 м";"3"
"Q-03-R+11";"-3";"11";"Море";"0";"Мелководье";"";"2";"0";"";"2";"Нет";"0";"0–10 м";"3"
"Q-02-R+11";"-2";"11";"Море";"0";"Мелководье";"";"2";"0";"";"2";"Рыба";"4";"0–10 м";"1"
"Q-01-R+11";"-1";"11";"Море";"0";"Шельф";"";"1";"0";"";"3";"Жемчуг";"4";"10–30 м";"2"
"Q+00-R+11";"0";"11";"Море";"0";"Шельф";"";"1";"0";"";"3";"Нет";"0";"10–30 м";"3"
"Q+01-R+11";"1";"11";"Море";"0";"Мелководье";"";"2";"0";"";"2";"Нет";"0";"0–10 м";"1"
"Q+02-R+11";"2";"11";"Побережье";"12";"Побережье / Редколесье";"";"2";"1";"2";"2";"Дерево";"1";"0–10 м";"6"
"Q+03-R+11";"3";"11";"Море";"0";"Мелководье";"";"2";"0";"";"2";"Рыба";"1";"0–10 м";"1"
"Q+04-R+11";"4";"11";"Побережье";"8";"Побережье / Редколесье";"";"2";"1";"2";"2";"Дерево";"2";"0–10 м";"3"
"Q+05-R+11";"5";"11";"Побережье";"93";"Побережье / Густой лес";"";"3";"2";"3";"2";"Дерево";"2";"0–10 м";"1"
"Q+06-R+11";"6";"11";"Суша";"100";"Холмы";"";"2";"2";"2";"2";"Железо";"5";"";""
"Q+07-R+11";"7";"11";"Суша";"100";"Холмы";"Река";"2";"2";"2";"2";"Железо";"4";"";""
"Q+08-R+11";"8";"11";"Побережье";"91";"Побережье / Холмы";"";"2";"2";"2";"2";"Железо";"1";"0–10 м";"4"
"Q+09-R+11";"9";"11";"Суша";"97";"Густой лес";"Река";"3";"2";"3";"2";"Дерево";"1";"";""
"Q+10-R+11";"10";"11";"Побережье";"91";"Дельта реки / Густой лес";"Река";"3";"2";"4";"2";"Дерево";"3";"0–10 м";"6"
"Q+11-R+11";"11";"11";"Побережье";"82";"Дельта реки / Равнина";"Река";"1";"2";"4";"2";"Лён";"3";"0–10 м";"1"
"Q+12-R+11";"12";"11";"Побережье";"86";"Дельта реки / Равнина";"Река";"1";"2";"4";"2";"Нет";"0";"0–10 м";"2"
"Q+13-R+11";"13";"11";"Суша";"100";"Густой лес";"";"3";"2";"3";"2";"Дерево";"1";"";""
"Q+14-R+11";"14";"11";"Суша";"100";"Густой лес";"";"3";"2";"3";"2";"Корабельный лес";"5";"";""
"Q+15-R+11";"15";"11";"Побережье";"75";"Побережье / Равнина";"";"2";"0";"2";"2";"Моллюски";"3";"0–10 м";"1"
"Q+16-R+11";"16";"11";"Море";"0";"Мелководье";"";"2";"0";"";"2";"Рыба";"2";"0–10 м";"5"
"Q+17-R+11";"17";"11";"Море";"0";"Мелководье";"";"2";"0";"";"2";"Рыба";"1";"0–10 м";"4"
"Q+18-R+11";"18";"11";"Море";"0";"Шельф";"";"1";"0";"";"3";"Рыба";"4";"10–30 м";"1"
"Q-06-R+12";"-6";"12";"Море";"0";"Мелководье";"";"2";"0";"";"2";"Нет";"0";"0–10 м";"3"
"Q-05-R+12";"-5";"12";"Море";"5";"Мелководье";"";"2";"0";"";"2";"Нет";"0";"0–10 м";"3"
"Q-04-R+12";"-4";"12";"Море";"0";"Мелководье";"";"2";"0";"";"2";"Нет";"0";"0–10 м";"3"
"Q-03-R+12";"-3";"12";"Побережье";"30";"Побережье / Редколесье";"";"2";"1";"2";"2";"Дерево";"1";"0–10 м";"3"
"Q-02-R+12";"-2";"12";"Море";"0";"Мелководье";"";"2";"0";"";"2";"Рыба";"3";"0–10 м";"4"
"Q-01-R+12";"-1";"12";"Море";"0";"Шельф";"";"1";"0";"";"3";"Рыба";"3";"10–30 м";"1"
"Q+00-R+12";"0";"12";"Море";"0";"Мелководье";"";"2";"0";"";"2";"Нет";"0";"0–10 м";"5"
"Q+01-R+12";"1";"12";"Побережье";"21";"Побережье / Редколесье";"";"2";"1";"2";"2";"Дерево";"5";"0–10 м";"2"
"Q+02-R+12";"2";"12";"Море";"0";"Мелководье";"";"2";"0";"";"2";"Рыба";"5";"0–10 м";"4"
"Q+03-R+12";"3";"12";"Море";"0";"Мелководье";"";"2";"0";"";"2";"Рыба";"5";"0–10 м";"5"
"Q+04-R+12";"4";"12";"Побережье";"32";"Побережье / Густой лес";"";"3";"2";"3";"2";"Корабельный лес";"5";"0–10 м";"3"
"Q+05-R+12";"5";"12";"Побережье";"82";"Дельта реки / Густой лес";"Река";"3";"2";"4";"2";"Дерево";"1";"0–10 м";"6"
"Q+06-R+12";"6";"12";"Побережье";"85";"Дельта реки / Холмы";"Река";"2";"2";"4";"2";"Камень";"1";"0–10 м";"4"
"Q+07-R+12";"7";"12";"Побережье";"85";"Побережье / Густой лес";"";"3";"2";"3";"2";"Дерево";"1";"0–10 м";"2"
"Q+08-R+12";"8";"12";"Побережье";"91";"Побережье / Густой лес";"";"3";"2";"3";"2";"Дерево";"2";"0–10 м";"3"
"Q+09-R+12";"9";"12";"Побережье";"89";"Побережье / Густой лес";"";"3";"2";"3";"2";"Дерево";"1";"0–10 м";"4"
"Q+10-R+12";"10";"12";"Суша";"97";"Густой лес";"";"3";"2";"3";"2";"Корабельный лес";"4";"";""
"Q+11-R+12";"11";"12";"Суша";"100";"Равнина";"";"1";"0";"2";"1";"Лошади";"2";"";""
"Q+12-R+12";"12";"12";"Побережье";"88";"Дельта реки / Равнина";"Река";"1";"2";"4";"2";"Лошади";"2";"0–10 м";"1"
"Q+13-R+12";"13";"12";"Побережье";"90";"Побережье / Равнина";"";"2";"0";"2";"2";"Моллюски";"2";"0–10 м";"2"
"Q+14-R+12";"14";"12";"Побережье";"78";"Побережье / Равнина";"";"2";"0";"2";"2";"Лён";"2";"0–10 м";"1"
"Q+15-R+12";"15";"12";"Море";"0";"Мелководье";"";"2";"0";"";"2";"Нет";"0";"0–10 м";"3"
"Q+16-R+12";"16";"12";"Побережье";"21";"Побережье / Редколесье";"";"2";"1";"2";"2";"Дерево";"5";"0–10 м";"1"
"Q+17-R+12";"17";"12";"Море";"0";"Мелководье";"";"2";"0";"";"2";"Рыба";"4";"0–10 м";"3"
"Q-07-R+13";"-7";"13";"Море";"0";"Мелководье";"";"2";"0";"";"2";"Нет";"0";"0–10 м";"3"
"Q-06-R+13";"-6";"13";"Побережье";"70";"Побережье / Редколесье";"";"2";"1";"2";"2";"Дерево";"1";"0–10 м";"3"
"Q-05-R+13";"-5";"13";"Побережье";"34";"Побережье / Редколесье";"";"2";"1";"2";"2";"Дерево";"1";"0–10 м";"3"
"Q-04-R+13";"-4";"13";"Побережье";"20";"Побережье / Редколесье";"";"2";"1";"2";"2";"Дерево";"1";"0–10 м";"3"
"Q-03-R+13";"-3";"13";"Побережье";"6";"Побережье / Редколесье";"";"2";"1";"2";"2";"Дерево";"1";"0–10 м";"3"
"Q-02-R+13";"-2";"13";"Море";"0";"Мелководье";"";"2";"0";"";"2";"Рыба";"2";"0–10 м";"3"
"Q-01-R+13";"-1";"13";"Море";"0";"Шельф";"";"1";"0";"";"3";"Нет";"0";"10–30 м";"1"
"Q+00-R+13";"0";"13";"Море";"0";"Мелководье";"";"2";"0";"";"2";"Рыба";"4";"0–10 м";"2"
"Q+01-R+13";"1";"13";"Побережье";"25";"Побережье / Редколесье";"";"2";"1";"2";"2";"Дерево";"4";"0–10 м";"1"
"Q+02-R+13";"2";"13";"Море";"0";"Мелководье";"";"2";"0";"";"2";"Рыба";"4";"0–10 м";"1"
"Q+03-R+13";"3";"13";"Море";"0";"Мелководье";"";"2";"0";"";"2";"Рыба";"5";"0–10 м";"4"
"Q+04-R+13";"4";"13";"Море";"0";"Мелководье";"";"2";"0";"";"2";"Нет";"0";"0–10 м";"3"
"Q+05-R+13";"5";"13";"Побережье";"83";"Дельта реки / Густой лес";"Река";"3";"2";"4";"2";"Дерево";"1";"0–10 м";"4"
"Q+06-R+13";"6";"13";"Побережье";"87";"Побережье / Густой лес";"";"3";"2";"3";"2";"Дерево";"1";"0–10 м";"6"
"Q+07-R+13";"7";"13";"Побережье";"69";"Побережье / Густой лес";"";"3";"2";"3";"2";"Дерево";"1";"0–10 м";"1"
"Q+08-R+13";"8";"13";"Суша";"100";"Густой лес";"";"3";"2";"3";"2";"Корабельный лес";"4";"";""
"Q+09-R+13";"9";"13";"Побережье";"92";"Побережье / Холмы";"";"2";"2";"2";"2";"Уголь";"2";"0–10 м";"3"
"Q+10-R+13";"10";"13";"Суша";"95";"Густой лес";"";"3";"2";"3";"2";"Дерево";"1";"";""
"Q+11-R+13";"11";"13";"Суша";"100";"Густой лес";"";"3";"2";"3";"2";"Дерево";"3";"";""
"Q+12-R+13";"12";"13";"Суша";"95";"Равнина";"Река";"1";"0";"2";"1";"Рожь";"5";"";""
"Q+13-R+13";"13";"13";"Побережье";"90";"Дельта реки / Равнина";"Река";"1";"2";"4";"2";"Лошади";"1";"0–10 м";"1"
"Q+14-R+13";"14";"13";"Побережье";"41";"Побережье / Равнина";"";"2";"0";"2";"2";"Рожь";"4";"0–10 м";"6"
"Q+15-R+13";"15";"13";"Море";"0";"Мелководье";"";"2";"0";"";"2";"Рыба";"5";"0–10 м";"4"
"Q+16-R+13";"16";"13";"Море";"0";"Мелководье";"";"2";"0";"";"2";"Рыба";"1";"0–10 м";"6"
"Q+17-R+13";"17";"13";"Море";"0";"Шельф";"";"1";"0";"";"3";"Нет";"0";"10–30 м";"6"
"Q-07-R+14";"-7";"14";"Суша";"99";"Густой лес";"";"3";"2";"3";"2";"Дерево";"1";"";""
"Q-06-R+14";"-6";"14";"Суша";"98";"Густой лес";"";"3";"2";"3";"2";"Дерево";"1";"";""
"Q-05-R+14";"-5";"14";"Побережье";"91";"Побережье / Густой лес";"";"3";"2";"3";"2";"Дерево";"1";"0–10 м";"3"
"Q-04-R+14";"-4";"14";"Суша";"98";"Густой лес";"";"3";"2";"3";"2";"Дерево";"1";"";""
"Q-03-R+14";"-3";"14";"Побережье";"14";"Побережье / Густой лес";"";"3";"2";"3";"2";"Дерево";"1";"0–10 м";"3"
"Q-02-R+14";"-2";"14";"Море";"0";"Мелководье";"";"2";"0";"";"2";"Рыба";"2";"0–10 м";"5"
"Q-01-R+14";"-1";"14";"Море";"0";"Шельф";"";"1";"0";"";"3";"Рыба";"2";"10–30 м";"6"
"Q+00-R+14";"0";"14";"Море";"0";"Мелководье";"";"2";"0";"";"2";"Нет";"0";"0–10 м";"5"
"Q+01-R+14";"1";"14";"Море";"0";"Мелководье";"";"2";"0";"";"2";"Рыба";"5";"0–10 м";"4"
"Q+02-R+14";"2";"14";"Море";"0";"Шельф";"";"1";"0";"";"3";"Жемчуг";"2";"10–30 м";"2"
"Q+03-R+14";"3";"14";"Море";"0";"Мелководье";"";"2";"0";"";"2";"Рыба";"2";"0–10 м";"4"
"Q+04-R+14";"4";"14";"Побережье";"14";"Побережье / Равнина";"";"2";"0";"2";"2";"Нет";"0";"0–10 м";"1"
"Q+05-R+14";"5";"14";"Суша";"99";"Густой лес";"";"3";"2";"3";"2";"Корабельный лес";"4";"";""
"Q+06-R+14";"6";"14";"Суша";"99";"Густой лес";"";"3";"2";"3";"2";"Корабельный лес";"5";"";""
"Q+07-R+14";"7";"14";"Суша";"100";"Равнина";"";"1";"0";"2";"1";"Лошади";"2";"";""
"Q+08-R+14";"8";"14";"Суша";"100";"Густой лес";"";"3";"2";"3";"2";"Корабельный лес";"5";"";""
"Q+09-R+14";"9";"14";"Побережье";"84";"Побережье / Густой лес";"";"3";"2";"3";"2";"Дерево";"2";"0–10 м";"2"
"Q+10-R+14";"10";"14";"Суша";"97";"Густой лес";"";"3";"2";"3";"2";"Дерево";"1";"";""
"Q+11-R+14";"11";"14";"Суша";"96";"Густой лес";"";"3";"2";"3";"2";"Дерево";"1";"";""
"Q+12-R+14";"12";"14";"Побережье";"51";"Дельта реки / Равнина";"Река";"1";"2";"4";"2";"Лошади";"3";"0–10 м";"5"
"Q+13-R+14";"13";"14";"Побережье";"41";"Дельта реки / Равнина";"Река";"1";"2";"4";"2";"Нет";"0";"0–10 м";"5"
"Q+14-R+14";"14";"14";"Море";"3";"Мелководье";"";"2";"0";"";"2";"Нет";"0";"0–10 м";"3"
"Q+15-R+14";"15";"14";"Море";"0";"Мелководье";"";"2";"0";"";"2";"Рыба";"5";"0–10 м";"5"
"Q+16-R+14";"16";"14";"Море";"0";"Мелководье";"";"2";"0";"";"2";"Рыба";"2";"0–10 м";"1"
"Q-08-R+15";"-8";"15";"Море";"0";"Мелководье";"";"2";"0";"";"2";"Нет";"0";"0–10 м";"3"
"Q-07-R+15";"-7";"15";"Суша";"99";"Густой лес";"";"3";"2";"3";"2";"Дерево";"1";"";""
"Q-06-R+15";"-6";"15";"Суша";"95";"Густой лес";"";"3";"2";"3";"2";"Дерево";"1";"";""
"Q-05-R+15";"-5";"15";"Суша";"97";"Густой лес";"";"3";"2";"3";"2";"Дерево";"1";"";""
"Q-04-R+15";"-4";"15";"Побережье";"42";"Побережье / Густой лес";"";"3";"2";"3";"2";"Дерево";"1";"0–10 м";"3"
"Q-03-R+15";"-3";"15";"Море";"0";"Мелководье";"";"2";"0";"";"2";"Нет";"0";"0–10 м";"3"
"Q-02-R+15";"-2";"15";"Море";"0";"Мелководье";"";"2";"0";"";"2";"Нет";"0";"0–10 м";"3"
"Q-01-R+15";"-1";"15";"Море";"0";"Мелководье";"";"2";"0";"";"2";"Нет";"0";"0–10 м";"4"
"Q+00-R+15";"0";"15";"Море";"0";"Шельф";"";"1";"0";"";"3";"Нет";"0";"10–30 м";"1"
"Q+01-R+15";"1";"15";"Море";"0";"Шельф";"";"1";"0";"";"3";"Рыба";"3";"10–30 м";"1"
"Q+02-R+15";"2";"15";"Море";"0";"Шельф";"";"1";"0";"";"3";"Рыба";"1";"10–30 м";"4"
"Q+03-R+15";"3";"15";"Море";"0";"Мелководье";"";"2";"0";"";"2";"Рыба";"5";"0–10 м";"1"
"Q+04-R+15";"4";"15";"Побережье";"68";"Побережье / Густой лес";"";"3";"2";"3";"2";"Корабельный лес";"5";"0–10 м";"2"
"Q+05-R+15";"5";"15";"Суша";"100";"Густой лес";"";"3";"2";"3";"2";"Дерево";"1";"";""
"Q+06-R+15";"6";"15";"Побережье";"73";"Побережье / Равнина";"";"2";"0";"2";"2";"Нет";"0";"0–10 м";"4"
"Q+07-R+15";"7";"15";"Побережье";"70";"Побережье / Равнина";"";"2";"0";"2";"2";"Ячмень";"4";"0–10 м";"2"
"Q+08-R+15";"8";"15";"Побережье";"77";"Побережье / Густой лес";"";"3";"2";"3";"2";"Корабельный лес";"5";"0–10 м";"6"
"Q+09-R+15";"9";"15";"Побережье";"80";"Побережье / Густой лес";"";"3";"2";"3";"2";"Дерево";"2";"0–10 м";"1"
"Q+10-R+15";"10";"15";"Побережье";"71";"Побережье / Густой лес";"";"3";"2";"3";"2";"Дерево";"3";"0–10 м";"2"
"Q+11-R+15";"11";"15";"Побережье";"12";"Побережье / Густой лес";"";"3";"2";"3";"2";"Дерево";"3";"0–10 м";"3"
"Q+12-R+15";"12";"15";"Море";"0";"Мелководье";"";"2";"0";"";"2";"Рыба";"3";"0–10 м";"1"
"Q+13-R+15";"13";"15";"Море";"0";"Мелководье";"";"2";"0";"";"2";"Нет";"0";"0–10 м";"5"
"Q+14-R+15";"14";"15";"Побережье";"25";"Побережье / Редколесье";"";"2";"1";"2";"2";"Дерево";"2";"0–10 м";"5"
"Q+15-R+15";"15";"15";"Побережье";"6";"Побережье / Редколесье";"";"2";"1";"2";"2";"Дерево";"1";"0–10 м";"1"
"Q+16-R+15";"16";"15";"Море";"0";"Мелководье";"";"2";"0";"";"2";"Рыба";"1";"0–10 м";"1"
"Q-08-R+16";"-8";"16";"Суша";"99";"Густой лес";"";"3";"2";"3";"2";"Дерево";"1";"";""
"Q-07-R+16";"-7";"16";"Побережье";"94";"Побережье / Густой лес";"Река";"3";"2";"3";"2";"Дерево";"1";"0–10 м";"3"
"Q-06-R+16";"-6";"16";"Суша";"95";"Густой лес";"";"3";"2";"3";"2";"Дерево";"1";"";""
"Q-05-R+16";"-5";"16";"Побережье";"85";"Побережье / Густой лес";"";"3";"2";"3";"2";"Дерево";"1";"0–10 м";"3"
"Q-04-R+16";"-4";"16";"Побережье";"53";"Побережье / Густой лес";"Река";"3";"2";"3";"2";"Дерево";"1";"0–10 м";"3"
"Q-03-R+16";"-3";"16";"Море";"4";"Мелководье";"";"2";"0";"";"2";"Нет";"0";"0–10 м";"3"
"Q-02-R+16";"-2";"16";"Побережье";"25";"Побережье / Редколесье";"";"2";"1";"2";"2";"Дерево";"5";"0–10 м";"4"
"Q-01-R+16";"-1";"16";"Море";"0";"Мелководье";"";"2";"0";"";"2";"Нет";"0";"0–10 м";"2"
"Q+00-R+16";"0";"16";"Море";"0";"Шельф";"";"1";"0";"";"3";"Жемчуг";"1";"10–30 м";"4"
"Q+01-R+16";"1";"16";"Море";"0";"Шельф";"";"1";"0";"";"3";"Рыба";"5";"10–30 м";"1"
"Q+02-R+16";"2";"16";"Море";"0";"Мелководье";"";"2";"0";"";"2";"Рыба";"2";"0–10 м";"1"
"Q+03-R+16";"3";"16";"Побережье";"12";"Побережье / Равнина";"";"2";"0";"2";"2";"Нет";"0";"0–10 м";"6"
"Q+04-R+16";"4";"16";"Побережье";"94";"Побережье / Горы";"";"4";"3";"1";"2";"Моллюски";"4";"0–10 м";"5"
"Q+05-R+16";"5";"16";"Побережье";"70";"Побережье / Равнина";"";"2";"0";"2";"2";"Лён";"5";"0–10 м";"4"
"Q+06-R+16";"6";"16";"Побережье";"52";"Побережье / Равнина";"";"2";"0";"2";"2";"Лошади";"1";"0–10 м";"2"
"Q+07-R+16";"7";"16";"Море";"3";"Мелководье";"";"2";"0";"";"2";"Рыба";"3";"0–10 м";"2"
"Q+08-R+16";"8";"16";"Побережье";"35";"Побережье / Равнина";"";"2";"0";"2";"2";"Нет";"0";"0–10 м";"2"
"Q+09-R+16";"9";"16";"Море";"2";"Мелководье";"";"2";"0";"";"2";"Нет";"0";"0–10 м";"5"
"Q+10-R+16";"10";"16";"Побережье";"12";"Побережье / Равнина";"";"2";"0";"2";"2";"Лошади";"3";"0–10 м";"2"
"Q+11-R+16";"11";"16";"Море";"3";"Мелководье";"";"2";"0";"";"2";"Рыба";"3";"0–10 м";"2"
"Q+12-R+16";"12";"16";"Море";"0";"Мелководье";"";"2";"0";"";"2";"Рыба";"1";"0–10 м";"2"
"Q+13-R+16";"13";"16";"Побережье";"41";"Побережье / Редколесье";"";"2";"1";"2";"2";"Дерево";"4";"0–10 м";"5"
"Q+14-R+16";"14";"16";"Побережье";"38";"Побережье / Редколесье";"";"2";"1";"2";"2";"Дерево";"1";"0–10 м";"4"
"Q+15-R+16";"15";"16";"Море";"0";"Мелководье";"";"2";"0";"";"2";"Рыба";"2";"0–10 м";"4"
"Q-09-R+17";"-9";"17";"Море";"0";"Мелководье";"";"2";"0";"";"2";"Нет";"0";"0–10 м";"3"
"Q-08-R+17";"-8";"17";"Суша";"97";"Горы";"";"4";"3";"1";"2";"Нет";"0";"";""
"Q-07-R+17";"-7";"17";"Суша";"100";"Горы";"";"4";"3";"1";"2";"Нет";"0";"";""
"Q-06-R+17";"-6";"17";"Суша";"100";"Густой лес";"";"3";"2";"3";"2";"Дерево";"1";"";""
"Q-05-R+17";"-5";"17";"Суша";"100";"Густой лес";"";"3";"2";"3";"2";"Дерево";"1";"";""
"Q-04-R+17";"-4";"17";"Суша";"99";"Густой лес";"";"3";"2";"3";"2";"Дерево";"1";"";""
"Q-03-R+17";"-3";"17";"Побережье";"17";"Побережье / Густой лес";"";"3";"2";"3";"2";"Дерево";"1";"0–10 м";"3"
"Q-02-R+17";"-2";"17";"Море";"0";"Мелководье";"";"2";"0";"";"2";"Рыба";"3";"0–10 м";"6"
"Q-01-R+17";"-1";"17";"Море";"0";"Шельф";"";"1";"0";"";"3";"Жемчуг";"1";"10–30 м";"2"
"Q+00-R+17";"0";"17";"Море";"0";"Открытое море";"";"1";"0";"";"4";"Нет";"0";"50–200 м";"6"
"Q+01-R+17";"1";"17";"Море";"0";"Шельф";"";"1";"0";"";"3";"Жемчуг";"5";"10–30 м";"4"
"Q+02-R+17";"2";"17";"Море";"0";"Мелководье";"";"2";"0";"";"2";"Рыба";"4";"0–10 м";"4"
"Q+03-R+17";"3";"17";"Побережье";"21";"Побережье / Холмы";"";"2";"2";"2";"2";"Нет";"0";"0–10 м";"6"
"Q+04-R+17";"4";"17";"Побережье";"58";"Побережье / Холмы";"";"2";"2";"2";"2";"Железо";"2";"0–10 м";"6"
"Q+05-R+17";"5";"17";"Суша";"100";"Равнина";"";"1";"0";"2";"1";"Нет";"0";"";""
"Q+06-R+17";"6";"17";"Побережье";"68";"Побережье / Равнина";"";"2";"0";"2";"2";"Нет";"0";"0–10 м";"3"
"Q+07-R+17";"7";"17";"Побережье";"78";"Побережье / Равнина";"";"2";"0";"2";"2";"Нет";"0";"0–10 м";"4"
"Q+08-R+17";"8";"17";"Побережье";"32";"Побережье / Густой лес";"";"3";"2";"3";"2";"Дерево";"1";"0–10 м";"4"
"Q+09-R+17";"9";"17";"Побережье";"13";"Побережье / Редколесье";"";"2";"1";"2";"2";"Дерево";"3";"0–10 м";"4"
"Q+10-R+17";"10";"17";"Побережье";"9";"Побережье / Редколесье";"";"2";"1";"2";"2";"Дерево";"1";"0–10 м";"6"
"Q+11-R+17";"11";"17";"Море";"0";"Мелководье";"";"2";"0";"";"2";"Рыба";"3";"0–10 м";"5"
"Q+12-R+17";"12";"17";"Море";"0";"Мелководье";"";"2";"0";"";"2";"Рыба";"3";"0–10 м";"6"
"Q+13-R+17";"13";"17";"Побережье";"11";"Побережье / Редколесье";"";"2";"1";"2";"2";"Дерево";"3";"0–10 м";"4"
"Q+14-R+17";"14";"17";"Море";"0";"Мелководье";"";"2";"0";"";"2";"Рыба";"5";"0–10 м";"1"
"Q+15-R+17";"15";"17";"Море";"0";"Шельф";"";"1";"0";"";"3";"Рыба";"3";"10–30 м";"6"
"Q-09-R+18";"-9";"18";"Суша";"97";"Горы";"";"4";"3";"1";"2";"Нет";"0";"";""
"Q-08-R+18";"-8";"18";"Суша";"99";"Горы";"";"4";"3";"1";"2";"Нет";"0";"";""
"Q-07-R+18";"-7";"18";"Суша";"98";"Горы";"";"4";"3";"1";"2";"Нет";"0";"";""
"Q-06-R+18";"-6";"18";"Суша";"100";"Густой лес";"";"3";"2";"3";"2";"Дерево";"1";"";""
"Q-05-R+18";"-5";"18";"Суша";"99";"Густой лес";"";"3";"2";"3";"2";"Дерево";"1";"";""
"Q-04-R+18";"-4";"18";"Суша";"96";"Густой лес";"";"3";"2";"3";"2";"Дерево";"1";"";""
"Q-03-R+18";"-3";"18";"Побережье";"6";"Побережье / Густой лес";"";"3";"2";"3";"2";"Дерево";"1";"0–10 м";"3"
"Q-02-R+18";"-2";"18";"Море";"0";"Мелководье";"";"2";"0";"";"2";"Нет";"0";"0–10 м";"6"
"Q-01-R+18";"-1";"18";"Море";"0";"Шельф";"";"1";"0";"";"3";"Рыба";"3";"10–30 м";"2"
"Q+00-R+18";"0";"18";"Море";"0";"Открытое море";"";"1";"0";"";"4";"Киты";"3";"50–200 м";"2"
"Q+01-R+18";"1";"18";"Море";"0";"Шельф";"";"1";"0";"";"3";"Рыба";"2";"10–30 м";"2"
"Q+02-R+18";"2";"18";"Море";"0";"Мелководье";"";"2";"0";"";"2";"Рыба";"1";"0–10 м";"6"
"Q+03-R+18";"3";"18";"Море";"0";"Мелководье";"";"2";"0";"";"2";"Рыба";"3";"0–10 м";"5"
"Q+04-R+18";"4";"18";"Побережье";"45";"Побережье / Равнина";"";"2";"0";"2";"2";"Рыба";"1";"0–10 м";"3"
"Q+05-R+18";"5";"18";"Суша";"100";"Равнина";"";"1";"0";"2";"1";"Пшеница";"4";"";""
"Q+06-R+18";"6";"18";"Суша";"95";"Густой лес";"";"3";"2";"3";"2";"Дерево";"2";"";""
"Q+07-R+18";"7";"18";"Суша";"98";"Густой лес";"";"3";"2";"3";"2";"Дерево";"1";"";""
"Q+08-R+18";"8";"18";"Побережье";"7";"Побережье / Редколесье";"";"2";"1";"2";"2";"Дерево";"3";"0–10 м";"5"
"Q+09-R+18";"9";"18";"Море";"2";"Мелководье";"";"2";"0";"";"2";"Рыба";"1";"0–10 м";"2"
"Q+10-R+18";"10";"18";"Море";"0";"Мелководье";"";"2";"0";"";"2";"Рыба";"1";"0–10 м";"2"
"Q+11-R+18";"11";"18";"Море";"0";"Шельф";"";"1";"0";"";"3";"Рыба";"5";"10–30 м";"4"
"Q+12-R+18";"12";"18";"Море";"0";"Мелководье";"";"2";"0";"";"2";"Рыба";"1";"0–10 м";"3"
"Q+13-R+18";"13";"18";"Море";"0";"Мелководье";"";"2";"0";"";"2";"Рыба";"3";"0–10 м";"6"
"Q+14-R+18";"14";"18";"Море";"0";"Шельф";"";"1";"0";"";"3";"Рыба";"2";"10–30 м";"5"
