"Возможные постройки";"1 уровень";"2 уровень";"3 уровень";"Адрес картинки";"Примечание"
"Порт";"Плодородие +1; Торговля +1";"Плодородие +2; Торговля +2";"Плодородие +3; Торговля +3; Постройка Верфи";;"Постройка только на прибрежных и островных гексах, строить можно с 1 уровня"
"Верфь";"Торговля +1; Торговая лодья";"Торговля +2; Боевые корабли";"Торговля +3; Торговый Галеон";;"Постройка только на прибрежных и островных гексах, строить можно после Порта 3 уровня"
"Маяк";;;;;
"Ферма на воде";"Плодородие +1; Ресурсы +1";"Плодородие +2; Ресурсы +2";"Плодородие +3; Ресурсы +3";;"Прибрежные/островные гексы или гексы с рекой, строить можно с 1 уровня"
"Виноградник";"Плодородие +1; Ресурсы +1";"Плодородие +2; Ресурсы +2";"Плодородие +3; Ресурсы +3";;"Только гексы с рекой, строить можно с 1 уровня"
"Пастбище";"Плодородие +1; Ресурсы +1";"Плодородие +2; Ресурсы +2";"Плодородие +3; Ресурсы +3";;"Равнины и холмы, строить можно с 3 уровня, даёт ресурс Скот"
"Ферма";"Плодородие +1; Ресурсы +1";"Плодородие +2; Ресурсы +2";"Плодородие +3; Ресурсы +3";;"Равнины и холмы, строить можно с 3 уровня, даёт ресурс Скот"
"Лесопилка";"Ресурсы +1; Население +5";"Ресурсы +2; Население +10";"Ресурсы +3; Население +15";;"Только лесные гексы, строить можно с 1 уровня"
"Пасека";"Плодородие +1; Ресурсы +1";"Плодородие +2; Ресурсы +2";"Плодородие +3; Ресурсы +3";;"Только лесные гексы, строить можно с 1 уровня"
"Шахта";"Ресурсы +1; Население +5";"Ресурсы +2; Население +10";"Ресурсы +3; Население +15";;"Только гексы с холмами, строить можно с 1 уровня"
"Рудник";"Ресурсы +1; Население +5";"Ресурсы +2; Население +10";"Ресурсы +3; Население +15";;"Только горные гексы, строить можно с 1 уровня"
"Форт";"Защита +1; Население +5; Стражники 1";"Защита +2; Население +10; Стражники 2; Лучник 1";"Защита +3; Население +15; Пеший Рыцарь 1; Стражники 2; Лучник 2";;"Колониальная постройка; использует федеральную еду при дефиците"
