"ID";"Q";"R";"Категория";"Тип местности";"Основной ресурс";"Богатство ресурса"
"Q+00-R+00";"0";"0";"Побережье";"Песчаный пляж / Густой лес";"Дерево";"2"
"Q+01-R+00";"1";"0";"Море";"Мелководье";"Рыба";"2"
"Q+02-R+00";"2";"0";"Море";"Мелководье";"Рыба";"3"
"Q+03-R+00";"3";"0";"Море";"Шельф";"Рыба";"4"
"Q+04-R+00";"4";"0";"Море";"Шельф";"Рыба";"1"
"Q+05-R+00";"5";"0";"Море";"Шельф";"Рыба";"2"
"Q+06-R+00";"6";"0";"Море";"Мелководье";"Рыба";"2"
"Q+07-R+00";"7";"0";"Море";"Мелководье";"Рыба";"2"
"Q+08-R+00";"8";"0";"Море";"Мелководье";"Рыба";"4"
"Q+09-R+00";"9";"0";"Море";"Мелководье";"Рыба";"3"
"Q+10-R+00";"10";"0";"Море";"Шельф";"Жемчуг";"2"
"Q+11-R+00";"11";"0";"Море";"Открытое море";"Киты";"5"
"Q+12-R+00";"12";"0";"Море";"Шельф";"Нет";"0"
"Q+13-R+00";"13";"0";"Море";"Шельф";"Рыба";"3"
"Q+14-R+00";"14";"0";"Море";"Шельф";"Нет";"0"
"Q+15-R+00";"15";"0";"Море";"Шельф";"Рыба";"5"
"Q+16-R+00";"16";"0";"Море";"Шельф";"Жемчуг";"5"
"Q+17-R+00";"17";"0";"Море";"Шельф";"Рыба";"4"
"Q+18-R+00";"18";"0";"Море";"Мелководье";"Рыба";"3"
"Q+19-R+00";"19";"0";"Побережье";"Побережье / Равнина";"Нет";"0"
"Q+20-R+00";"20";"0";"Побережье";"Дельта реки / Холмы";"Нет";"0"
"Q+21-R+00";"21";"0";"Суша";"Холмы";"Камень";"4"
"Q+22-R+00";"22";"0";"Суша";"Холмы";"Уголь";"4"
"Q+23-R+00";"23";"0";"Суша";"Холмы";"Нет";"0"
"Q-01-R+01";"-1";"1";"Море";"Мелководье";"Нет";"0"
"Q+00-R+01";"0";"1";"Побережье";"Побережье / Равнина";"Лён";"5"
"Q+01-R+01";"1";"1";"Побережье";"Побережье / Равнина";"Нет";"0"
"Q+02-R+01";"2";"1";"Море";"Мелководье";"Рыба";"4"
"Q+03-R+01";"3";"1";"Море";"Мелководье";"Рыба";"1"
"Q+04-R+01";"4";"1";"Море";"Мелководье";"Рыба";"3"
"Q+05-R+01";"5";"1";"Море";"Мелководье";"Рыба";"2"
"Q+06-R+01";"6";"1";"Побережье";"Побережье / Равнина";"Кораллы";"2"
"Q+07-R+01";"7";"1";"Побережье";"Побережье / Холмы";"Камень";"5"
"Q+08-R+01";"8";"1";"Побережье";"Побережье / Равнина";"Нет";"0"
"Q+09-R+01";"9";"1";"Море";"Мелководье";"Рыба";"1"
"Q+10-R+01";"10";"1";"Море";"Шельф";"Рыба";"4"
"Q+11-R+01";"11";"1";"Море";"Шельф";"Нет";"0"
"Q+12-R+01";"12";"1";"Море";"Мелководье";"Рыба";"4"
"Q+13-R+01";"13";"1";"Море";"Мелководье";"Рыба";"1"
"Q+14-R+01";"14";"1";"Море";"Шельф";"Рыба";"1"
"Q+15-R+01";"15";"1";"Море";"Мелководье";"Рыба";"2"
"Q+16-R+01";"16";"1";"Море";"Мелководье";"Рыба";"4"
"Q+17-R+01";"17";"1";"Море";"Мелководье";"Рыба";"1"
"Q+18-R+01";"18";"1";"Побережье";"Побережье / Равнина";"Рожь";"2"
"Q+19-R+01";"19";"1";"Суша";"Равнина";"Лён";"2"
"Q+20-R+01";"20";"1";"Побережье";"Дельта реки / Холмы";"Нет";"0"
"Q+21-R+01";"21";"1";"Суша";"Холмы";"Железо";"2"
"Q+22-R+01";"22";"1";"Суша";"Холмы";"Камень";"2"
"Q+23-R+01";"23";"1";"Суша";"Равнина";"Нет";"0"
"Q-01-R+02";"-1";"2";"Суша";"Равнина";"Рожь";"2"
"Q+00-R+02";"0";"2";"Суша";"Холмы";"Уголь";"3"
"Q+01-R+02";"1";"2";"Побережье";"Побережье / Равнина";"Нет";"0"
"Q+02-R+02";"2";"2";"Побережье";"Побережье / Редколесье";"Дерево";"4"
"Q+03-R+02";"3";"2";"Море";"Мелководье";"Рыба";"3"
"Q+04-R+02";"4";"2";"Побережье";"Побережье / Равнина";"Нет";"0"
"Q+05-R+02";"5";"2";"Побережье";"Побережье / Густой лес";"Дерево";"3"
"Q+06-R+02";"6";"2";"Побережье";"Побережье / Густой лес";"Дерево";"1"
"Q+07-R+02";"7";"2";"Побережье";"Побережье / Густой лес";"Дерево";"1"
"Q+08-R+02";"8";"2";"Побережье";"Побережье / Густой лес";"Дерево";"3"
"Q+09-R+02";"9";"2";"Море";"Мелководье";"Рыба";"1"
"Q+10-R+02";"10";"2";"Море";"Мелководье";"Рыба";"2"
"Q+11-R+02";"11";"2";"Море";"Мелководье";"Рыба";"4"
"Q+12-R+02";"12";"2";"Побережье";"Побережье / Редколесье";"Дерево";"2"
"Q+13-R+02";"13";"2";"Море";"Мелководье";"Рыба";"5"
"Q+14-R+02";"14";"2";"Море";"Мелководье";"Рыба";"1"
"Q+15-R+02";"15";"2";"Побережье";"Побережье / Горы";"Моллюски";"5"
"Q+16-R+02";"16";"2";"Море";"Мелководье";"Рыба";"1"
"Q+17-R+02";"17";"2";"Море";"Мелководье";"Рыба";"1"
"Q+18-R+02";"18";"2";"Побережье";"Побережье / Густой лес";"Дерево";"1"
"Q+19-R+02";"19";"2";"Побережье";"Дельта реки / Равнина";"Лошади";"1"
"Q+20-R+02";"20";"2";"Суша";"Холмы";"Нет";"0"
"Q+21-R+02";"21";"2";"Суша";"Горы";"Нет";"0"
"Q+22-R+02";"22";"2";"Суша";"Равнина";"Лён";"1"
"Q-02-R+03";"-2";"3";"Море";"Мелководье";"Нет";"0"
"Q-01-R+03";"-1";"3";"Суша";"Густой лес";"Дерево";"1"
"Q+00-R+03";"0";"3";"Суша";"Густой лес";"Корабельный лес";"4"
"Q+01-R+03";"1";"3";"Побережье";"Дельта реки / Густой лес";"Корабельный лес";"4"
"Q+02-R+03";"2";"3";"Море";"Мелководье";"Рыба";"1"
"Q+03-R+03";"3";"3";"Море";"Мелководье";"Рыба";"1"
"Q+04-R+03";"4";"3";"Море";"Мелководье";"Нет";"0"
"Q+05-R+03";"5";"3";"Побережье";"Побережье / Равнина";"Рыба";"5"
"Q+06-R+03";"6";"3";"Побережье";"Побережье / Равнина";"Соль";"3"
"Q+07-R+03";"7";"3";"Побережье";"Побережье / Холмы";"Соль";"2"
"Q+08-R+03";"8";"3";"Побережье";"Побережье / Редколесье";"Дерево";"3"
"Q+09-R+03";"9";"3";"Море";"Мелководье";"Рыба";"5"
"Q+10-R+03";"10";"3";"Побережье";"Побережье / Редколесье";"Дерево";"2"
"Q+11-R+03";"11";"3";"Побережье";"Побережье / Редколесье";"Дерево";"2"
"Q+12-R+03";"12";"3";"Море";"Мелководье";"Рыба";"5"
"Q+13-R+03";"13";"3";"Море";"Мелководье";"Рыба";"3"
"Q+14-R+03";"14";"3";"Море";"Мелководье";"Рыба";"5"
"Q+15-R+03";"15";"3";"Море";"Мелководье";"Рыба";"4"
"Q+16-R+03";"16";"3";"Море";"Мелководье";"Рыба";"2"
"Q+17-R+03";"17";"3";"Побережье";"Побережье / Равнина";"Нет";"0"
"Q+18-R+03";"18";"3";"Суша";"Равнина";"Ячмень";"3"
"Q+19-R+03";"19";"3";"Суша";"Равнина";"Нет";"0"
"Q+20-R+03";"20";"3";"Суша";"Холмы";"Железо";"2"
"Q+21-R+03";"21";"3";"Суша";"Равнина";"Нет";"0"
"Q+22-R+03";"22";"3";"Побережье";"Побережье / Равнина";"Нет";"0"
"Q-02-R+04";"-2";"4";"Суша";"Равнина";"Рожь";"3"
"Q-01-R+04";"-1";"4";"Побережье";"Дельта реки / Густой лес";"Дерево";"3"
"Q+00-R+04";"0";"4";"Суша";"Густой лес";"Дерево";"1"
"Q+01-R+04";"1";"4";"Море";"Мелководье";"Рыба";"5"
"Q+02-R+04";"2";"4";"Море";"Шельф";"Жемчуг";"1"
"Q+03-R+04";"3";"4";"Море";"Мелководье";"Рыба";"4"
"Q+04-R+04";"4";"4";"Побережье";"Побережье / Редколесье";"Дерево";"2"
"Q+05-R+04";"5";"4";"Море";"Мелководье";"Рыба";"5"
"Q+06-R+04";"6";"4";"Побережье";"Побережье / Холмы";"Железо";"4"
"Q+07-R+04";"7";"4";"Побережье";"Побережье / Равнина";"Рожь";"1"
"Q+08-R+04";"8";"4";"Море";"Мелководье";"Рыба";"1"
"Q+09-R+04";"9";"4";"Море";"Мелководье";"Рыба";"1"
"Q+10-R+04";"10";"4";"Побережье";"Побережье / Редколесье";"Дерево";"5"
"Q+11-R+04";"11";"4";"Побережье";"Побережье / Редколесье";"Дерево";"3"
"Q+12-R+04";"12";"4";"Побережье";"Побережье / Равнина";"Нет";"0"
"Q+13-R+04";"13";"4";"Побережье";"Побережье / Равнина";"Рожь";"5"
"Q+14-R+04";"14";"4";"Море";"Мелководье";"Рыба";"1"
"Q+15-R+04";"15";"4";"Побережье";"Побережье / Равнина";"Нет";"0"
"Q+16-R+04";"16";"4";"Побережье";"Побережье / Равнина";"Нет";"0"
"Q+17-R+04";"17";"4";"Суша";"Равнина";"Лошади";"2"
"Q+18-R+04";"18";"4";"Суша";"Равнина";"Лён";"5"
"Q+19-R+04";"19";"4";"Суша";"Равнина";"Пшеница";"1"
"Q+20-R+04";"20";"4";"Суша";"Равнина";"Лён";"2"
"Q+21-R+04";"21";"4";"Суша";"Равнина";"Рожь";"4"
"Q-03-R+05";"-3";"5";"Море";"Мелководье";"Нет";"0"
"Q-02-R+05";"-2";"5";"Побережье";"Побережье / Густой лес";"Корабельный лес";"4"
"Q-01-R+05";"-1";"5";"Побережье";"Дельта реки / Густой лес";"Дерево";"3"
"Q+00-R+05";"0";"5";"Побережье";"Густой лес";"Корабельный лес";"4"
"Q+01-R+05";"1";"5";"Море";"Мелководье";"Рыба";"3"
"Q+02-R+05";"2";"5";"Море";"Мелководье";"Рыба";"1"
"Q+03-R+05";"3";"5";"Море";"Мелководье";"Рыба";"5"
"Q+04-R+05";"4";"5";"Море";"Мелководье";"Рыба";"2"
"Q+05-R+05";"5";"5";"Побережье";"Побережье / Равнина";"Лён";"1"
"Q+06-R+05";"6";"5";"Побережье";"Побережье / Равнина";"Нет";"0"
"Q+07-R+05";"7";"5";"Море";"Мелководье";"Рыба";"2"
"Q+08-R+05";"8";"5";"Море";"Мелководье";"Рыба";"3"
"Q+09-R+05";"9";"5";"Море";"Мелководье";"Рыба";"3"
"Q+10-R+05";"10";"5";"Море";"Мелководье";"Рыба";"1"
"Q+11-R+05";"11";"5";"Побережье";"Побережье / Густой лес";"Дерево";"3"
"Q+12-R+05";"12";"5";"Суша";"Равнина";"Нет";"0"
"Q+13-R+05";"13";"5";"Побережье";"Побережье / Равнина";"Лошади";"4"
"Q+14-R+05";"14";"5";"Побережье";"Побережье / Равнина";"Соль";"4"
"Q+15-R+05";"15";"5";"Суша";"Равнина";"Нет";"0"
"Q+16-R+05";"16";"5";"Побережье";"Дельта реки / Равнина";"Нет";"0"
"Q+17-R+05";"17";"5";"Побережье";"Побережье / Равнина";"Лошади";"3"
"Q+18-R+05";"18";"5";"Побережье";"Побережье / Равнина";"Моллюски";"4"
"Q+19-R+05";"19";"5";"Суша";"Холмы";"Уголь";"3"
"Q+20-R+05";"20";"5";"Суша";"Густой лес";"Корабельный лес";"4"
"Q+21-R+05";"21";"5";"Суша";"Равнина";"Нет";"0"
"Q-03-R+06";"-3";"6";"Море";"Мелководье";"Нет";"0"
"Q-02-R+06";"-2";"6";"Побережье";"Побережье / Равнина";"Нет";"0"
"Q-01-R+06";"-1";"6";"Побережье";"Дельта реки / Равнина";"Лён";"2"
"Q+00-R+06";"0";"6";"Море";"Мелководье";"Рыба";"5"
"Q+01-R+06";"1";"6";"Побережье";"Побережье / Редколесье";"Дерево";"3"
"Q+02-R+06";"2";"6";"Море";"Мелководье";"Рыба";"1"
"Q+03-R+06";"3";"6";"Море";"Шельф";"Рыба";"3"
"Q+04-R+06";"4";"6";"Море";"Мелководье";"Нет";"0"
"Q+05-R+06";"5";"6";"Побережье";"Побережье / Густой лес";"Дерево";"1"
"Q+06-R+06";"6";"6";"Побережье";"Побережье / Редколесье";"Дерево";"3"
"Q+07-R+06";"7";"6";"Море";"Мелководье";"Рыба";"4"
"Q+08-R+06";"8";"6";"Побережье";"Побережье / Равнина";"Моллюски";"3"
"Q+09-R+06";"9";"6";"Побережье";"Побережье / Густой лес";"Корабельный лес";"5"
"Q+10-R+06";"10";"6";"Побережье";"Побережье / Холмы";"Нет";"0"
"Q+11-R+06";"11";"6";"Побережье";"Побережье / Холмы";"Камень";"5"
"Q+12-R+06";"12";"6";"Суша";"Равнина";"Лошади";"3"
"Q+13-R+06";"13";"6";"Побережье";"Побережье / Равнина";"Нет";"0"
"Q+14-R+06";"14";"6";"Суша";"Равнина";"Лошади";"4"
"Q+15-R+06";"15";"6";"Побережье";"Побережье / Густой лес";"Дерево";"1"
"Q+16-R+06";"16";"6";"Побережье";"Побережье / Густой лес";"Дерево";"1"
"Q+17-R+06";"17";"6";"Побережье";"Побережье / Равнина";"Лён";"4"
"Q+18-R+06";"18";"6";"Побережье";"Побережье / Густой лес";"Дерево";"1"
"Q+19-R+06";"19";"6";"Побережье";"Побережье / Равнина";"Пшеница";"4"
"Q+20-R+06";"20";"6";"Побережье";"Побережье / Равнина";"Лён";"4"
"Q-04-R+07";"-4";"7";"Море";"Мелководье";"Нет";"0"
"Q-03-R+07";"-3";"7";"Побережье";"Побережье / Редколесье";"Дерево";"1"
"Q-02-R+07";"-2";"7";"Побережье";"Побережье / Редколесье";"Дерево";"4"
"Q-01-R+07";"-1";"7";"Море";"Мелководье";"Рыба";"4"
"Q+00-R+07";"0";"7";"Море";"Мелководье";"Рыба";"1"
"Q+01-R+07";"1";"7";"Море";"Мелководье";"Рыба";"1"
"Q+02-R+07";"2";"7";"Море";"Шельф";"Рыба";"2"
"Q+03-R+07";"3";"7";"Море";"Шельф";"Жемчуг";"5"
"Q+04-R+07";"4";"7";"Море";"Мелководье";"Рыба";"2"
"Q+05-R+07";"5";"7";"Побережье";"Побережье / Густой лес";"Дерево";"1"
"Q+06-R+07";"6";"7";"Море";"Мелководье";"Рыба";"5"
"Q+07-R+07";"7";"7";"Побережье";"Побережье / Густой лес";"Дерево";"1"
"Q+08-R+07";"8";"7";"Суша";"Горы";"Нет";"0"
"Q+09-R+07";"9";"7";"Суша";"Густой лес";"Дерево";"3"
"Q+10-R+07";"10";"7";"Суша";"Холмы";"Камень";"5"
"Q+11-R+07";"11";"7";"Суша";"Холмы";"Нет";"0"
"Q+12-R+07";"12";"7";"Побережье";"Побережье / Равнина";"Лошади";"2"
"Q+13-R+07";"13";"7";"Суша";"Равнина";"Пшеница";"5"
"Q+14-R+07";"14";"7";"Побережье";"Побережье / Густой лес";"Корабельный лес";"5"
"Q+15-R+07";"15";"7";"Побережье";"Побережье / Густой лес";"Корабельный лес";"5"
"Q+16-R+07";"16";"7";"Побережье";"Побережье / Густой лес";"Дерево";"1"
"Q+17-R+07";"17";"7";"Побережье";"Побережье / Холмы";"Уголь";"2"
"Q+18-R+07";"18";"7";"Море";"Мелководье";"Нет";"0"
"Q+19-R+07";"19";"7";"Море";"Мелководье";"Рыба";"3"
"Q+20-R+07";"20";"7";"Море";"Мелководье";"Рыба";"4"
"Q-04-R+08";"-4";"8";"Суша";"Горы";"Нет";"0"
"Q-03-R+08";"-3";"8";"Побережье";"Побережье / Редколесье";"Дерево";"1"
"Q-02-R+08";"-2";"8";"Побережье";"Побережье / Равнина";"Лошади";"2"
"Q-01-R+08";"-1";"8";"Побережье";"Побережье / Равнина";"Нет";"0"
"Q+00-R+08";"0";"8";"Побережье";"Побережье / Редколесье";"Дерево";"3"
"Q+01-R+08";"1";"8";"Море";"Мелководье";"Рыба";"2"
"Q+02-R+08";"2";"8";"Море";"Мелководье";"Рыба";"3"
"Q+03-R+08";"3";"8";"Море";"Шельф";"Рыба";"2"
"Q+04-R+08";"4";"8";"Море";"Мелководье";"Рыба";"3"
"Q+05-R+08";"5";"8";"Море";"Мелководье";"Рыба";"3"
"Q+06-R+08";"6";"8";"Море";"Мелководье";"Рыба";"4"
"Q+07-R+08";"7";"8";"Побережье";"Побережье / Густой лес";"Дерево";"1"
"Q+08-R+08";"8";"8";"Суша";"Густой лес";"Дерево";"1"
"Q+09-R+08";"9";"8";"Суша";"Горы";"Мрамор";"2"
"Q+10-R+08";"10";"8";"Побережье";"Дельта реки / Горы";"Мрамор";"3"
"Q+11-R+08";"11";"8";"Побережье";"Дельта реки / Холмы";"Нет";"0"
"Q+12-R+08";"12";"8";"Побережье";"Побережье / Равнина";"Нет";"0"
"Q+13-R+08";"13";"8";"Побережье";"Побережье / Густой лес";"Дерево";"2"
"Q+14-R+08";"14";"8";"Суша";"Густой лес";"Корабельный лес";"5"
"Q+15-R+08";"15";"8";"Суша";"Густой лес";"Дерево";"1"
"Q+16-R+08";"16";"8";"Суша";"Густой лес";"Дерево";"3"
"Q+17-R+08";"17";"8";"Побережье";"Побережье / Холмы";"Камень";"5"
"Q+18-R+08";"18";"8";"Море";"Мелководье";"Рыба";"1"
"Q+19-R+08";"19";"8";"Море";"Шельф";"Рыба";"4"
"Q-05-R+09";"-5";"9";"Море";"Мелководье";"Нет";"0"
"Q-04-R+09";"-4";"9";"Побережье";"Побережье / Горы";"Нет";"0"
"Q-03-R+09";"-3";"9";"Побережье";"Побережье / Редколесье";"Дерево";"1"
"Q-02-R+09";"-2";"9";"Суша";"Густой лес";"Дерево";"1"
"Q-01-R+09";"-1";"9";"Побережье";"Побережье / Густой лес";"Дерево";"2"
"Q+00-R+09";"0";"9";"Море";"Мелководье";"Рыба";"5"
"Q+01-R+09";"1";"9";"Побережье";"Побережье / Редколесье";"Дерево";"5"
"Q+02-R+09";"2";"9";"Море";"Мелководье";"Рыба";"5"
"Q+03-R+09";"3";"9";"Море";"Мелководье";"Рыба";"4"
"Q+04-R+09";"4";"9";"Побережье";"Побережье / Редколесье";"Дерево";"4"
"Q+05-R+09";"5";"9";"Море";"Мелководье";"Рыба";"3"
"Q+06-R+09";"6";"9";"Побережье";"Побережье / Густой лес";"Дерево";"2"
"Q+07-R+09";"7";"9";"Суша";"Густой лес";"Дерево";"3"
"Q+08-R+09";"8";"9";"Суша";"Горы";"Нет";"0"
"Q+09-R+09";"9";"9";"Побережье";"Дельта реки / Горы";"Камень";"1"
"Q+10-R+09";"10";"9";"Суша";"Густой лес";"Дерево";"1"
"Q+11-R+09";"11";"9";"Побережье";"Дельта реки / Равнина";"Нет";"0"
"Q+12-R+09";"12";"9";"Суша";"Холмы";"Уголь";"3"
"Q+13-R+09";"13";"9";"Суша";"Холмы";"Нет";"0"
"Q+14-R+09";"14";"9";"Суша";"Густой лес";"Корабельный лес";"4"
"Q+15-R+09";"15";"9";"Суша";"Густой лес";"Дерево";"1"
"Q+16-R+09";"16";"9";"Побережье";"Побережье / Холмы";"Соль";"5"
"Q+17-R+09";"17";"9";"Море";"Мелководье";"Рыба";"3"
"Q+18-R+09";"18";"9";"Море";"Шельф";"Рыба";"4"
"Q+19-R+09";"19";"9";"Море";"Открытое море";"Киты";"5"
"Q-05-R+10";"-5";"10";"Побережье";"Побережье / Редколесье";"Дерево";"1"
"Q-04-R+10";"-4";"10";"Побережье";"Побережье / Редколесье";"Дерево";"1"
"Q-03-R+10";"-3";"10";"Побережье";"Побережье / Редколесье";"Дерево";"1"
"Q-02-R+10";"-2";"10";"Побережье";"Побережье / Густой лес";"Корабельный лес";"5"
"Q-01-R+10";"-1";"10";"Море";"Мелководье";"Рыба";"5"
"Q+00-R+10";"0";"10";"Море";"Мелководье";"Рыба";"4"
"Q+01-R+10";"1";"10";"Море";"Мелководье";"Рыба";"1"
"Q+02-R+10";"2";"10";"Море";"Мелководье";"Рыба";"1"
"Q+03-R+10";"3";"10";"Море";"Мелководье";"Рыба";"5"
"Q+04-R+10";"4";"10";"Море";"Мелководье";"Рыба";"1"
"Q+05-R+10";"5";"10";"Побережье";"Побережье / Густой лес";"Дерево";"2"
"Q+06-R+10";"6";"10";"Побережье";"Побережье / Густой лес";"Дерево";"1"
"Q+07-R+10";"7";"10";"Суша";"Горы";"Нет";"0"
"Q+08-R+10";"8";"10";"Суша";"Горы";"Нет";"0"
"Q+09-R+10";"9";"10";"Побережье";"Дельта реки / Густой лес";"Дерево";"2"
"Q+10-R+10";"10";"10";"Суша";"Густой лес";"Дерево";"2"
"Q+11-R+10";"11";"10";"Побережье";"Дельта реки / Равнина";"Нет";"0"
"Q+12-R+10";"12";"10";"Суша";"Густой лес";"Дерево";"1"
"Q+13-R+10";"13";"10";"Суша";"Холмы";"Нет";"0"
"Q+14-R+10";"14";"10";"Суша";"Холмы";"Железо";"3"
"Q+15-R+10";"15";"10";"Суша";"Густой лес";"Дерево";"1"
"Q+16-R+10";"16";"10";"Побережье";"Побережье / Редколесье";"Дерево";"5"
"Q+17-R+10";"17";"10";"Море";"Мелководье";"Рыба";"4"
"Q+18-R+10";"18";"10";"Море";"Шельф";"Жемчуг";"3"
"Q-06-R+11";"-6";"11";"Море";"Мелководье";"Нет";"0"
"Q-05-R+11";"-5";"11";"Море";"Мелководье";"Нет";"0"
"Q-04-R+11";"-4";"11";"Море";"Мелководье";"Нет";"0"
"Q-03-R+11";"-3";"11";"Море";"Мелководье";"Нет";"0"
"Q-02-R+11";"-2";"11";"Море";"Мелководье";"Рыба";"4"
"Q-01-R+11";"-1";"11";"Море";"Шельф";"Жемчуг";"4"
"Q+00-R+11";"0";"11";"Море";"Шельф";"Нет";"0"
"Q+01-R+11";"1";"11";"Море";"Мелководье";"Нет";"0"
"Q+02-R+11";"2";"11";"Побережье";"Побережье / Редколесье";"Дерево";"1"
"Q+03-R+11";"3";"11";"Море";"Мелководье";"Рыба";"1"
"Q+04-R+11";"4";"11";"Побережье";"Побережье / Редколесье";"Дерево";"2"
"Q+05-R+11";"5";"11";"Побережье";"Побережье / Густой лес";"Дерево";"2"
"Q+06-R+11";"6";"11";"Суша";"Холмы";"Железо";"5"
"Q+07-R+11";"7";"11";"Суша";"Холмы";"Железо";"4"
"Q+08-R+11";"8";"11";"Побережье";"Побережье / Холмы";"Железо";"1"
"Q+09-R+11";"9";"11";"Суша";"Густой лес";"Дерево";"1"
"Q+10-R+11";"10";"11";"Побережье";"Дельта реки / Густой лес";"Дерево";"3"
"Q+11-R+11";"11";"11";"Побережье";"Дельта реки / Равнина";"Лён";"3"
"Q+12-R+11";"12";"11";"Побережье";"Дельта реки / Равнина";"Нет";"0"
"Q+13-R+11";"13";"11";"Суша";"Густой лес";"Дерево";"1"
"Q+14-R+11";"14";"11";"Суша";"Густой лес";"Корабельный лес";"5"
"Q+15-R+11";"15";"11";"Побережье";"Побережье / Равнина";"Моллюски";"3"
"Q+16-R+11";"16";"11";"Море";"Мелководье";"Рыба";"2"
"Q+17-R+11";"17";"11";"Море";"Мелководье";"Рыба";"1"
"Q+18-R+11";"18";"11";"Море";"Шельф";"Рыба";"4"
"Q-06-R+12";"-6";"12";"Море";"Мелководье";"Нет";"0"
"Q-05-R+12";"-5";"12";"Море";"Мелководье";"Нет";"0"
"Q-04-R+12";"-4";"12";"Море";"Мелководье";"Нет";"0"
"Q-03-R+12";"-3";"12";"Побережье";"Побережье / Редколесье";"Дерево";"1"
"Q-02-R+12";"-2";"12";"Море";"Мелководье";"Рыба";"3"
"Q-01-R+12";"-1";"12";"Море";"Шельф";"Рыба";"3"
"Q+00-R+12";"0";"12";"Море";"Мелководье";"Нет";"0"
"Q+01-R+12";"1";"12";"Побережье";"Побережье / Редколесье";"Дерево";"5"
"Q+02-R+12";"2";"12";"Море";"Мелководье";"Рыба";"5"
"Q+03-R+12";"3";"12";"Море";"Мелководье";"Рыба";"5"
"Q+04-R+12";"4";"12";"Побережье";"Побережье / Густой лес";"Корабельный лес";"5"
"Q+05-R+12";"5";"12";"Побережье";"Дельта реки / Густой лес";"Дерево";"1"
"Q+06-R+12";"6";"12";"Побережье";"Дельта реки / Холмы";"Камень";"1"
"Q+07-R+12";"7";"12";"Побережье";"Побережье / Густой лес";"Дерево";"1"
"Q+08-R+12";"8";"12";"Побережье";"Побережье / Густой лес";"Дерево";"2"
"Q+09-R+12";"9";"12";"Побережье";"Побережье / Густой лес";"Дерево";"1"
"Q+10-R+12";"10";"12";"Суша";"Густой лес";"Корабельный лес";"4"
"Q+11-R+12";"11";"12";"Суша";"Равнина";"Лошади";"2"
"Q+12-R+12";"12";"12";"Побережье";"Дельта реки / Равнина";"Лошади";"2"
"Q+13-R+12";"13";"12";"Побережье";"Побережье / Равнина";"Моллюски";"2"
"Q+14-R+12";"14";"12";"Побережье";"Побережье / Равнина";"Лён";"2"
"Q+15-R+12";"15";"12";"Море";"Мелководье";"Нет";"0"
"Q+16-R+12";"16";"12";"Побережье";"Побережье / Редколесье";"Дерево";"5"
"Q+17-R+12";"17";"12";"Море";"Мелководье";"Рыба";"4"
"Q-07-R+13";"-7";"13";"Море";"Мелководье";"Нет";"0"
"Q-06-R+13";"-6";"13";"Побережье";"Побережье / Редколесье";"Дерево";"1"
"Q-05-R+13";"-5";"13";"Побережье";"Побережье / Редколесье";"Дерево";"1"
"Q-04-R+13";"-4";"13";"Побережье";"Побережье / Редколесье";"Дерево";"1"
"Q-03-R+13";"-3";"13";"Побережье";"Побережье / Редколесье";"Дерево";"1"
"Q-02-R+13";"-2";"13";"Море";"Мелководье";"Рыба";"2"
"Q-01-R+13";"-1";"13";"Море";"Шельф";"Нет";"0"
"Q+00-R+13";"0";"13";"Море";"Мелководье";"Рыба";"4"
"Q+01-R+13";"1";"13";"Побережье";"Побережье / Редколесье";"Дерево";"4"
"Q+02-R+13";"2";"13";"Море";"Мелководье";"Рыба";"4"
"Q+03-R+13";"3";"13";"Море";"Мелководье";"Рыба";"5"
"Q+04-R+13";"4";"13";"Море";"Мелководье";"Нет";"0"
"Q+05-R+13";"5";"13";"Побережье";"Дельта реки / Густой лес";"Дерево";"1"
"Q+06-R+13";"6";"13";"Побережье";"Побережье / Густой лес";"Дерево";"1"
"Q+07-R+13";"7";"13";"Побережье";"Побережье / Густой лес";"Дерево";"1"
"Q+08-R+13";"8";"13";"Суша";"Густой лес";"Корабельный лес";"4"
"Q+09-R+13";"9";"13";"Побережье";"Побережье / Холмы";"Уголь";"2"
"Q+10-R+13";"10";"13";"Суша";"Густой лес";"Дерево";"1"
"Q+11-R+13";"11";"13";"Суша";"Густой лес";"Дерево";"3"
"Q+12-R+13";"12";"13";"Суша";"Равнина";"Рожь";"5"
"Q+13-R+13";"13";"13";"Побережье";"Дельта реки / Равнина";"Лошади";"1"
"Q+14-R+13";"14";"13";"Побережье";"Побережье / Равнина";"Рожь";"4"
"Q+15-R+13";"15";"13";"Море";"Мелководье";"Рыба";"5"
"Q+16-R+13";"16";"13";"Море";"Мелководье";"Рыба";"1"
"Q+17-R+13";"17";"13";"Море";"Шельф";"Нет";"0"
"Q-07-R+14";"-7";"14";"Суша";"Густой лес";"Дерево";"1"
"Q-06-R+14";"-6";"14";"Суша";"Густой лес";"Дерево";"1"
"Q-05-R+14";"-5";"14";"Побережье";"Побережье / Густой лес";"Дерево";"1"
"Q-04-R+14";"-4";"14";"Суша";"Густой лес";"Дерево";"1"
"Q-03-R+14";"-3";"14";"Побережье";"Побережье / Густой лес";"Дерево";"1"
"Q-02-R+14";"-2";"14";"Море";"Мелководье";"Рыба";"2"
"Q-01-R+14";"-1";"14";"Море";"Шельф";"Рыба";"2"
"Q+00-R+14";"0";"14";"Море";"Мелководье";"Нет";"0"
"Q+01-R+14";"1";"14";"Море";"Мелководье";"Рыба";"5"
"Q+02-R+14";"2";"14";"Море";"Шельф";"Жемчуг";"2"
"Q+03-R+14";"3";"14";"Море";"Мелководье";"Рыба";"2"
"Q+04-R+14";"4";"14";"Побережье";"Побережье / Равнина";"Нет";"0"
"Q+05-R+14";"5";"14";"Суша";"Густой лес";"Корабельный лес";"4"
"Q+06-R+14";"6";"14";"Суша";"Густой лес";"Корабельный лес";"5"
"Q+07-R+14";"7";"14";"Суша";"Равнина";"Лошади";"2"
"Q+08-R+14";"8";"14";"Суша";"Густой лес";"Корабельный лес";"5"
"Q+09-R+14";"9";"14";"Побережье";"Побережье / Густой лес";"Дерево";"2"
"Q+10-R+14";"10";"14";"Суша";"Густой лес";"Дерево";"1"
"Q+11-R+14";"11";"14";"Суша";"Густой лес";"Дерево";"1"
"Q+12-R+14";"12";"14";"Побережье";"Дельта реки / Равнина";"Лошади";"3"
"Q+13-R+14";"13";"14";"Побережье";"Дельта реки / Равнина";"Нет";"0"
"Q+14-R+14";"14";"14";"Море";"Мелководье";"Нет";"0"
"Q+15-R+14";"15";"14";"Море";"Мелководье";"Рыба";"5"
"Q+16-R+14";"16";"14";"Море";"Мелководье";"Рыба";"2"
"Q-08-R+15";"-8";"15";"Море";"Мелководье";"Нет";"0"
"Q-07-R+15";"-7";"15";"Суша";"Густой лес";"Дерево";"1"
"Q-06-R+15";"-6";"15";"Суша";"Густой лес";"Дерево";"1"
"Q-05-R+15";"-5";"15";"Суша";"Густой лес";"Дерево";"1"
"Q-04-R+15";"-4";"15";"Побережье";"Побережье / Густой лес";"Дерево";"1"
"Q-03-R+15";"-3";"15";"Море";"Мелководье";"Нет";"0"
"Q-02-R+15";"-2";"15";"Море";"Мелководье";"Нет";"0"
"Q-01-R+15";"-1";"15";"Море";"Мелководье";"Нет";"0"
"Q+00-R+15";"0";"15";"Море";"Шельф";"Нет";"0"
"Q+01-R+15";"1";"15";"Море";"Шельф";"Рыба";"3"
"Q+02-R+15";"2";"15";"Море";"Шельф";"Рыба";"1"
"Q+03-R+15";"3";"15";"Море";"Мелководье";"Рыба";"5"
"Q+04-R+15";"4";"15";"Побережье";"Побережье / Густой лес";"Корабельный лес";"5"
"Q+05-R+15";"5";"15";"Суша";"Густой лес";"Дерево";"1"
"Q+06-R+15";"6";"15";"Побережье";"Побережье / Равнина";"Нет";"0"
"Q+07-R+15";"7";"15";"Побережье";"Побережье / Равнина";"Ячмень";"4"
"Q+08-R+15";"8";"15";"Побережье";"Побережье / Густой лес";"Корабельный лес";"5"
"Q+09-R+15";"9";"15";"Побережье";"Побережье / Густой лес";"Дерево";"2"
"Q+10-R+15";"10";"15";"Побережье";"Побережье / Густой лес";"Дерево";"3"
"Q+11-R+15";"11";"15";"Побережье";"Побережье / Густой лес";"Дерево";"3"
"Q+12-R+15";"12";"15";"Море";"Мелководье";"Рыба";"3"
"Q+13-R+15";"13";"15";"Море";"Мелководье";"Нет";"0"
"Q+14-R+15";"14";"15";"Побережье";"Побережье / Редколесье";"Дерево";"2"
"Q+15-R+15";"15";"15";"Побережье";"Побережье / Редколесье";"Дерево";"1"
"Q+16-R+15";"16";"15";"Море";"Мелководье";"Рыба";"1"
"Q-08-R+16";"-8";"16";"Суша";"Густой лес";"Дерево";"1"
"Q-07-R+16";"-7";"16";"Побережье";"Побережье / Густой лес";"Дерево";"1"
"Q-06-R+16";"-6";"16";"Суша";"Густой лес";"Дерево";"1"
"Q-05-R+16";"-5";"16";"Побережье";"Побережье / Густой лес";"Дерево";"1"
"Q-04-R+16";"-4";"16";"Побережье";"Побережье / Густой лес";"Дерево";"1"
"Q-03-R+16";"-3";"16";"Море";"Мелководье";"Нет";"0"
"Q-02-R+16";"-2";"16";"Побережье";"Побережье / Редколесье";"Дерево";"5"
"Q-01-R+16";"-1";"16";"Море";"Мелководье";"Нет";"0"
"Q+00-R+16";"0";"16";"Море";"Шельф";"Жемчуг";"1"
"Q+01-R+16";"1";"16";"Море";"Шельф";"Рыба";"5"
"Q+02-R+16";"2";"16";"Море";"Мелководье";"Рыба";"2"
"Q+03-R+16";"3";"16";"Побережье";"Побережье / Равнина";"Нет";"0"
"Q+04-R+16";"4";"16";"Побережье";"Побережье / Горы";"Моллюски";"4"
"Q+05-R+16";"5";"16";"Побережье";"Побережье / Равнина";"Лён";"5"
"Q+06-R+16";"6";"16";"Побережье";"Побережье / Равнина";"Лошади";"1"
"Q+07-R+16";"7";"16";"Море";"Мелководье";"Рыба";"3"
"Q+08-R+16";"8";"16";"Побережье";"Побережье / Равнина";"Нет";"0"
"Q+09-R+16";"9";"16";"Море";"Мелководье";"Нет";"0"
"Q+10-R+16";"10";"16";"Побережье";"Побережье / Равнина";"Лошади";"3"
"Q+11-R+16";"11";"16";"Море";"Мелководье";"Рыба";"3"
"Q+12-R+16";"12";"16";"Море";"Мелководье";"Рыба";"1"
"Q+13-R+16";"13";"16";"Побережье";"Побережье / Редколесье";"Дерево";"4"
"Q+14-R+16";"14";"16";"Побережье";"Побережье / Редколесье";"Дерево";"1"
"Q+15-R+16";"15";"16";"Море";"Мелководье";"Рыба";"2"
"Q-09-R+17";"-9";"17";"Море";"Мелководье";"Нет";"0"
"Q-08-R+17";"-8";"17";"Суша";"Горы";"Нет";"0"
"Q-07-R+17";"-7";"17";"Суша";"Горы";"Нет";"0"
"Q-06-R+17";"-6";"17";"Суша";"Густой лес";"Дерево";"1"
"Q-05-R+17";"-5";"17";"Суша";"Густой лес";"Дерево";"1"
"Q-04-R+17";"-4";"17";"Суша";"Густой лес";"Дерево";"1"
"Q-03-R+17";"-3";"17";"Побережье";"Побережье / Густой лес";"Дерево";"1"
"Q-02-R+17";"-2";"17";"Море";"Мелководье";"Рыба";"3"
"Q-01-R+17";"-1";"17";"Море";"Шельф";"Жемчуг";"1"
"Q+00-R+17";"0";"17";"Море";"Открытое море";"Нет";"0"
"Q+01-R+17";"1";"17";"Море";"Шельф";"Жемчуг";"5"
"Q+02-R+17";"2";"17";"Море";"Мелководье";"Рыба";"4"
"Q+03-R+17";"3";"17";"Побережье";"Побережье / Холмы";"Нет";"0"
"Q+04-R+17";"4";"17";"Побережье";"Побережье / Холмы";"Железо";"2"
"Q+05-R+17";"5";"17";"Суша";"Равнина";"Нет";"0"
"Q+06-R+17";"6";"17";"Побережье";"Побережье / Равнина";"Нет";"0"
"Q+07-R+17";"7";"17";"Побережье";"Побережье / Равнина";"Нет";"0"
"Q+08-R+17";"8";"17";"Побережье";"Побережье / Густой лес";"Дерево";"1"
"Q+09-R+17";"9";"17";"Побережье";"Побережье / Редколесье";"Дерево";"3"
"Q+10-R+17";"10";"17";"Побережье";"Побережье / Редколесье";"Дерево";"1"
"Q+11-R+17";"11";"17";"Море";"Мелководье";"Рыба";"3"
"Q+12-R+17";"12";"17";"Море";"Мелководье";"Рыба";"3"
"Q+13-R+17";"13";"17";"Побережье";"Побережье / Редколесье";"Дерево";"3"
"Q+14-R+17";"14";"17";"Море";"Мелководье";"Рыба";"5"
"Q+15-R+17";"15";"17";"Море";"Шельф";"Рыба";"3"
"Q-09-R+18";"-9";"18";"Суша";"Горы";"Нет";"0"
"Q-08-R+18";"-8";"18";"Суша";"Горы";"Нет";"0"
"Q-07-R+18";"-7";"18";"Суша";"Горы";"Нет";"0"
"Q-06-R+18";"-6";"18";"Суша";"Густой лес";"Дерево";"1"
"Q-05-R+18";"-5";"18";"Суша";"Густой лес";"Дерево";"1"
"Q-04-R+18";"-4";"18";"Суша";"Густой лес";"Дерево";"1"
"Q-03-R+18";"-3";"18";"Побережье";"Побережье / Густой лес";"Дерево";"1"
"Q-02-R+18";"-2";"18";"Море";"Мелководье";"Нет";"0"
"Q-01-R+18";"-1";"18";"Море";"Шельф";"Рыба";"3"
"Q+00-R+18";"0";"18";"Море";"Открытое море";"Киты";"3"
"Q+01-R+18";"1";"18";"Море";"Шельф";"Рыба";"2"
"Q+02-R+18";"2";"18";"Море";"Мелководье";"Рыба";"1"
"Q+03-R+18";"3";"18";"Море";"Мелководье";"Рыба";"3"
"Q+04-R+18";"4";"18";"Побережье";"Побережье / Равнина";"Рыба";"1"
"Q+05-R+18";"5";"18";"Суша";"Равнина";"Пшеница";"4"
"Q+06-R+18";"6";"18";"Суша";"Густой лес";"Дерево";"2"
"Q+07-R+18";"7";"18";"Суша";"Густой лес";"Дерево";"1"
"Q+08-R+18";"8";"18";"Побережье";"Побережье / Редколесье";"Дерево";"3"
"Q+09-R+18";"9";"18";"Море";"Мелководье";"Рыба";"1"
"Q+10-R+18";"10";"18";"Море";"Мелководье";"Рыба";"1"
"Q+11-R+18";"11";"18";"Море";"Шельф";"Рыба";"5"
"Q+12-R+18";"12";"18";"Море";"Мелководье";"Рыба";"1"
"Q+13-R+18";"13";"18";"Море";"Мелководье";"Рыба";"3"
"Q+14-R+18";"14";"18";"Море";"Шельф";"Рыба";"2"
